"simulationTime[s]","incidentID","districtName","districtSafetyLevel","distanceOfSummonedPatrol[m]"
1213,3bdf5c51-810c-49f2-a0d3-dec083ae26c4,Steglitz-Zehlendorf,NotSafe,"3310,5897439760483"
1214,1ce676d4-dbdb-40b7-bc2d-9762460cb47f,Tempelhof-Schöneberg,NotSafe,"3154,466519269029"
1278,e506bf60-9e97-40a1-899c-4955251c00e3,Tempelhof-Schöneberg,NotSafe,"2812,3563771338945"
1280,679f8d3e-1cdf-46f2-ab19-a2cc4a34813f,Friedrichshain-Kreuzberg,RatherSafe,"2391,107766806784"
1285,3b31b2fb-008c-4f8d-b332-4da8b05edeeb,Friedrichshain-Kreuzberg,RatherSafe,"7742,509592521758"
1286,319ab85b-4600-4192-9b2f-f7ad44eb8f6e,Charlottenburg-Wilmersdorf,RatherSafe,"3007,9859979976404"
1316,c8a790b6-2a38-4bbd-9da6-ee158c5bf39e,Steglitz-Zehlendorf,NotSafe,"13118,434135834808"
1318,64121605-ce8b-4b41-990f-14ec69bee86e,Marzahn-Hellersdorf,NotSafe,"12767,535346198167"
1319,e3ff2161-88bc-4afd-a04d-ea9db1b7fc3e,Treptow-Köpenick,Safe,"13091,545682556667"
1444,9d9d0c47-de1c-40e4-b6a9-e82c6aeee783,Reinickendorf,RatherSafe,"8209,153576259025"
1496,b68d67bd-c549-4590-aa1c-f1e7cb24b85a,Pankow,Safe,"5596,187384958467"
1498,c0b4b151-2968-4885-8b23-f3cb305629aa,Friedrichshain-Kreuzberg,RatherSafe,"1297,5713552987938"
1638,d7879dd3-340e-4680-92f6-e012f7890def,Charlottenburg-Wilmersdorf,RatherSafe,"1937,8824068309864"
1687,ff3183b6-d0e7-4e31-b957-4bf2796541c9,Tempelhof-Schöneberg,NotSafe,"7775,440490735608"
1753,f4bebc4d-95c5-4875-9918-adfe293eec4d,Marzahn-Hellersdorf,NotSafe,"13177,488230297806"
2462,ab00acaf-0901-469d-ab67-8c888459bd19,Neukölln,Safe,"1799,113060899585"
2554,98d9e91c-9227-42a2-b62c-c2b41bfe6b9d,Tempelhof-Schöneberg,NotSafe,"2070,2645949874236"
2819,98d9e91c-9227-42a2-b62c-c2b41bfe6b9d,Tempelhof-Schöneberg,NotSafe,"3426,649727103286"
2860,98d9e91c-9227-42a2-b62c-c2b41bfe6b9d,Tempelhof-Schöneberg,NotSafe,"3540,3507856300866"
3004,630f411f-9337-41d8-ba56-0820144e9791,Marzahn-Hellersdorf,NotSafe,"1414,9850106651131"
3170,88d88c43-bca9-458e-9a54-e7ff659de3cf,Reinickendorf,RatherSafe,"1906,0884915477031"
3289,adc63a1e-3733-4e48-909c-3bf3b601c163,Steglitz-Zehlendorf,NotSafe,"4223,657505914316"
3370,e8f1c2d5-3080-4104-83a3-d90b21328a65,Charlottenburg-Wilmersdorf,RatherSafe,"2175,7048710536137"
3575,98d9e91c-9227-42a2-b62c-c2b41bfe6b9d,Tempelhof-Schöneberg,NotSafe,"245,23117258772666"
3667,debeed62-93a5-48d5-9679-e7baba6150f7,Spandau,NotSafe,"3427,2406565657525"
3958,47481699-071a-4ee4-bf89-5e130f6046dd,Lichtenberg,RatherSafe,"567,3435841830767"
3984,62c89119-2679-4e80-91f9-749e5c6237ab,Steglitz-Zehlendorf,NotSafe,"5057,153031701339"
4267,b82c61cd-7aaa-414a-839e-3fd9b0553b39,Friedrichshain-Kreuzberg,RatherSafe,"1697,62114518402"
4319,51ceda6a-fc6f-42f0-bf9d-4124b254916f,Tempelhof-Schöneberg,NotSafe,"3415,695885963761"
4373,88d88c43-bca9-458e-9a54-e7ff659de3cf,Reinickendorf,RatherSafe,"3538,40005482396"
4800,a13ce35a-b87d-45f8-b3d6-2153c9fab463,Tempelhof-Schöneberg,NotSafe,"1022,0385419581272"
4913,f1ef5f5e-f590-4ae4-963b-654cc9760bf7,Friedrichshain-Kreuzberg,RatherSafe,"2915,617708080359"
5207,d2932f26-d3e7-46ee-90c8-a4c319ba1a0c,Spandau,NotSafe,"6623,502848430746"
5601,331927c1-ced5-4b16-951d-c0ade604d084,Mitte,Safe,"3477,4950174273977"
5887,aa727dd3-46eb-4b67-9331-48f03d7b3ce4,Steglitz-Zehlendorf,NotSafe,"3025,453438701486"
5888,941f7d3c-441e-4f22-bf48-a6118e8e17ac,Tempelhof-Schöneberg,NotSafe,"1330,5026959646111"
6020,744d1802-01d0-4efc-8ecf-bfba4bbbedc1,Charlottenburg-Wilmersdorf,RatherSafe,"1758,5628675384376"
6047,9793ef56-ae84-4f58-8130-f1a7ec0d507d,Spandau,NotSafe,"1568,848400584177"
6048,9793ef56-ae84-4f58-8130-f1a7ec0d507d,Spandau,NotSafe,"1376,6593402254055"
6263,9dc1bdd0-4483-42d1-8201-8d47d4fbd8fb,Spandau,NotSafe,"9413,477845481875"
6345,0d101a50-f768-4da4-ab29-3e6b7d046d16,Charlottenburg-Wilmersdorf,RatherSafe,"5018,110383590749"
6509,ca1952b7-2cc4-4109-8d1a-33d3ef8d8496,Charlottenburg-Wilmersdorf,RatherSafe,"2948,8865756212062"
6537,381ea083-930a-4dd7-ba02-cd46466be194,Pankow,Safe,"1423,4727524727634"
6711,9290cd96-ea95-488d-82e7-18f1422ff39a,Friedrichshain-Kreuzberg,RatherSafe,"3090,2602722512784"
6712,2458e033-fc2a-4c6d-8e4f-880b5c0f6df3,Reinickendorf,RatherSafe,"7396,37104370177"
7059,56fd90c2-5c60-4f4d-b0ff-370bac232b09,Pankow,Safe,"1887,7278370633944"
7097,9e010f5e-623e-4d32-b406-41c66fd64c72,Spandau,NotSafe,"5154,1310112243955"
7124,145322bc-8d53-46b0-af51-e993948ec8ff,Mitte,Safe,"1839,4705113720256"
8090,6b588f3b-dc79-4a91-a0ab-2e2da929aff7,Marzahn-Hellersdorf,NotSafe,"1090,8746691985466"
8240,319e918f-df19-4ac9-922e-874c0c234191,Neukölln,Safe,"3098,2251136571717"
8355,33f8bfa0-4603-41ff-9c25-3cdf82a687c3,Pankow,Safe,"2340,135897220347"
8356,960d34b6-ebeb-421b-8668-ee55a08158c7,Marzahn-Hellersdorf,NotSafe,"1690,6807672730085"
8566,5dfeaac5-c6d0-49fa-b288-17ca5ca7a1d7,Reinickendorf,RatherSafe,"2483,483460971419"
8738,f228be83-3c1c-4c45-a747-71c2e302ae1d,Spandau,NotSafe,"2451,280671246145"
8888,2e12d273-200c-465d-9575-ced24ab3e49b,Marzahn-Hellersdorf,NotSafe,"7293,456974269832"
8951,3f5a295f-4733-46a6-9b29-0b349764bbde,Steglitz-Zehlendorf,NotSafe,"13104,481216688775"
9030,ee20ddee-c04d-462b-82aa-4cc561bda12d,Lichtenberg,RatherSafe,"199,33279797143808"
9160,274cd358-106d-4b31-9f17-7f2212b59eb9,Spandau,NotSafe,"3802,899251407767"
9267,66b10884-0c51-494e-b3c1-0ce37c3401a6,Charlottenburg-Wilmersdorf,RatherSafe,"4503,198012962971"
9327,3c91e702-7bbe-4bef-83b7-74d88106d2c1,Reinickendorf,RatherSafe,"1639,3502382060183"
9508,e99294cb-18c1-40a1-902b-453ce3db0aad,Steglitz-Zehlendorf,NotSafe,"3445,9839505901455"
9535,8d62ebc3-28a8-4098-a521-9cf95d6f2c28,Pankow,Safe,"3518,9503545459056"
9570,119cea77-8f2f-4e2d-b4a5-f9e03a298fba,Pankow,Safe,"2375,505338016318"
9571,119cea77-8f2f-4e2d-b4a5-f9e03a298fba,Pankow,Safe,"1614,7382157659858"
9572,119cea77-8f2f-4e2d-b4a5-f9e03a298fba,Pankow,Safe,"2211,7991315774875"
9812,51d8c890-9b8c-4879-bad2-4bc75e164611,Neukölln,Safe,"832,7887891655699"
9884,b9b4b4c0-c9d8-4504-ba80-8fbb38eadbcb,Mitte,Safe,"2338,79870777641"
9937,3f76ffa9-ca81-4ffa-8e99-85be24a075a0,Pankow,Safe,"1959,7056356440971"
9972,dc06dc32-a3c8-4680-9916-6c98e3ad13a0,Mitte,Safe,"1724,422659866944"
9973,97d4b699-916e-4854-a728-0d056c36898c,Lichtenberg,RatherSafe,"2418,282624813301"
10160,3c20862f-b1ed-4e9d-8e7b-da3e0508aa0f,Marzahn-Hellersdorf,NotSafe,"3415,7321803825403"
10247,b69cb7e1-8ec7-4551-9e30-cd036982de85,Reinickendorf,RatherSafe,"350,2387769394494"
10321,2a25811b-66c4-4630-b4c6-31c692a599e5,Lichtenberg,RatherSafe,"1851,1279290046339"
10571,c4ead97f-2fe7-4f1d-9d4f-357d923afc02,Neukölln,Safe,"2045,5805156940746"
10713,a383c213-c033-48ef-a573-0347dd46a962,Tempelhof-Schöneberg,NotSafe,"3927,7281058898247"
10868,46cc8684-a060-41d8-9799-6112ef713853,Friedrichshain-Kreuzberg,RatherSafe,"3110,4386674497287"
10947,e76406ba-9f69-4d88-8b58-77dfd1467e67,Lichtenberg,RatherSafe,"1545,4580099548614"
10975,e76406ba-9f69-4d88-8b58-77dfd1467e67,Lichtenberg,RatherSafe,"3493,2864598559"
10976,e76406ba-9f69-4d88-8b58-77dfd1467e67,Lichtenberg,RatherSafe,"3044,6567730619618"
10978,00223b16-8705-4ad9-8b99-7665d92c8c85,Reinickendorf,RatherSafe,"4559,4206758277505"
11005,3bba083d-ab63-499f-90b6-d17ec222db10,Spandau,NotSafe,"2696,1401848810588"
11113,9c2df4a6-01af-4099-b991-991f9a5cc2cb,Spandau,NotSafe,"9652,197752384312"
11791,e99294cb-18c1-40a1-902b-453ce3db0aad,Steglitz-Zehlendorf,NotSafe,"3416,909650557637"
11792,3c20862f-b1ed-4e9d-8e7b-da3e0508aa0f,Marzahn-Hellersdorf,NotSafe,"3491,3286870523943"
11934,c21b8aea-85a4-4b1b-b8c6-1dc48a36c567,Spandau,NotSafe,"3441,034396693522"
12013,605759f2-ddb6-4aa0-8fd7-1519cff7d010,Marzahn-Hellersdorf,NotSafe,"2554,4168316524747"
12172,182ba45b-43c7-4584-b06e-dd9d42f5aefc,Reinickendorf,RatherSafe,"2340,4063091634503"
12174,9f8c10fe-9428-49fc-959a-7b8b8b78813e,Spandau,NotSafe,"7665,412230473539"
12281,c3ae4819-8cc7-4554-b475-22ac78874c38,Neukölln,Safe,"2959,2565563031712"
12392,182ba45b-43c7-4584-b06e-dd9d42f5aefc,Reinickendorf,RatherSafe,"3558,9290570933335"
12452,d187cb2d-746a-42f8-9a73-b880933b6027,Charlottenburg-Wilmersdorf,RatherSafe,"1707,5503138044317"
12582,3f6a279f-5f3f-4f7c-812d-fccf1af26e0c,Charlottenburg-Wilmersdorf,RatherSafe,"2124,325149235035"
12656,2e46dd63-b237-499e-8f0f-53c9024c31d6,Spandau,NotSafe,"9137,599629515593"
12831,c25362b0-a575-40dd-99af-b2c59e5148d8,Reinickendorf,RatherSafe,"8326,962720329035"
12866,4b2099fb-ca72-4c9f-b41b-8388fcdb8ae1,Treptow-Köpenick,Safe,"1005,7753507941352"
13185,c21b8aea-85a4-4b1b-b8c6-1dc48a36c567,Spandau,NotSafe,"3229,8974686519314"
13187,14489dac-da7f-4cad-a585-283f458b4cf5,Friedrichshain-Kreuzberg,RatherSafe,"2380,204723606684"
13370,c24ac8e8-0bf3-4065-9d14-f7a87443272d,Pankow,Safe,"5307,984318622019"
13862,7fa93074-f7fd-495d-829d-1d93fcea806f,Marzahn-Hellersdorf,NotSafe,"3471,384490780101"
13937,af5367d1-c82c-424d-844d-479f139b0ef7,Neukölln,Safe,"3246,1330800777637"
14243,f4ed5ab4-dd2a-48a8-a27b-f0796391cc5c,Friedrichshain-Kreuzberg,RatherSafe,"1920,7345108826291"
14297,6ce58f2a-d4d3-456d-bac4-7a4ace95f1bd,Reinickendorf,RatherSafe,"3357,031675766633"
14337,adbbfa15-263b-49ce-ae07-05feaa24e5d3,Pankow,Safe,"4325,631580053974"
14562,cc9af48c-deed-46b7-a928-b83e676621b2,Charlottenburg-Wilmersdorf,RatherSafe,"3323,234314625717"
15054,7fa93074-f7fd-495d-829d-1d93fcea806f,Marzahn-Hellersdorf,NotSafe,"3455,24652929605"
15263,a1a0db16-0fb4-4ccd-a53f-0bba62374c5d,Neukölln,Safe,"3293,4132137956863"
15543,5ccda0be-ab0d-4d9b-988f-284dae0147bb,Reinickendorf,RatherSafe,"942,6314003847826"
15856,3c20862f-b1ed-4e9d-8e7b-da3e0508aa0f,Marzahn-Hellersdorf,NotSafe,"0,0"
16060,182ba45b-43c7-4584-b06e-dd9d42f5aefc,Reinickendorf,RatherSafe,"3599,558311718306"
16260,ffbebe25-356a-4e92-a660-2a491bdc2804,Charlottenburg-Wilmersdorf,RatherSafe,"545,2457439768463"
16287,6ce58f2a-d4d3-456d-bac4-7a4ace95f1bd,Reinickendorf,RatherSafe,"3582,791591092638"
16401,2353c067-05c1-4ecf-ba1f-014801c3dac1,Tempelhof-Schöneberg,NotSafe,"2306,854126881907"
17021,bd593a54-88da-45e0-a6c6-c476e99009b8,Pankow,Safe,"3691,0914757516543"
17310,6ce58f2a-d4d3-456d-bac4-7a4ace95f1bd,Reinickendorf,RatherSafe,"3457,118533179525"
17311,48b72fb0-659e-4027-a073-66b69a87c1e3,Tempelhof-Schöneberg,NotSafe,"2393,6369495959593"
17501,9938e951-293f-4a6f-b0b7-a5238654ffc5,Treptow-Köpenick,Safe,"3759,7490640885553"
17620,8563eaa1-b408-43a6-8c52-536a6ed3596c,Pankow,Safe,"580,3788255894718"
17680,48734939-f20a-4bf6-88a6-b7ff4a979523,Mitte,Safe,"4095,054302640613"
17681,4fdcb7de-4cc3-490e-9df8-f20343072c4f,Lichtenberg,RatherSafe,"4603,175300523706"
17830,20c887be-18f7-49ce-8b1f-95b506b511fd,Charlottenburg-Wilmersdorf,RatherSafe,"2093,97755671294"
17992,b417e022-14de-45be-b9d0-75d7c9767911,Marzahn-Hellersdorf,NotSafe,"5123,87566611794"
18054,8a2e04dc-2565-483b-977f-e6c3b482c54c,Steglitz-Zehlendorf,NotSafe,"2933,470871673874"
18055,8a2e04dc-2565-483b-977f-e6c3b482c54c,Steglitz-Zehlendorf,NotSafe,"2933,470871673874"
18056,8a2e04dc-2565-483b-977f-e6c3b482c54c,Steglitz-Zehlendorf,NotSafe,"2933,470871673874"
18299,c1149b7f-deb9-4e48-bfb9-bf20cd709548,Marzahn-Hellersdorf,NotSafe,"4031,9207494076713"
18572,f3212750-8199-4de4-9c13-fef4882e80e2,Pankow,Safe,"2879,0751577069077"
18619,1eaf3630-3fa6-4d76-9895-9c13662c3d2e,Friedrichshain-Kreuzberg,RatherSafe,"2224,9433317501466"
18983,d281eb72-ea8a-493f-91dc-7f3d2a4cb805,Spandau,NotSafe,"3440,452563309189"
19022,945ac223-9826-4512-a3c6-0cbabd08a100,Charlottenburg-Wilmersdorf,RatherSafe,"5975,957090968378"
19363,f3d8dcaf-8d76-407d-a78e-a8401035a07e,Spandau,NotSafe,"3466,582018381775"
19530,d4457d4c-4761-405a-9962-9a1a522bfc87,Charlottenburg-Wilmersdorf,RatherSafe,"2633,388369383878"
19807,2b756706-9598-4eae-8f94-3afa0c48202c,Treptow-Köpenick,Safe,"3901,24899659968"
19930,82ecdf15-a640-4bc8-a504-e30761c4b716,Marzahn-Hellersdorf,NotSafe,"3232,2443857852636"
20078,82ecdf15-a640-4bc8-a504-e30761c4b716,Marzahn-Hellersdorf,NotSafe,"3572,4468173893188"
20264,c4b6f137-0d80-4e7a-a6b8-7a4f9559f4d6,Charlottenburg-Wilmersdorf,RatherSafe,"3310,7246837821094"
20481,82ecdf15-a640-4bc8-a504-e30761c4b716,Marzahn-Hellersdorf,NotSafe,"3302,738115445038"
20595,82ecdf15-a640-4bc8-a504-e30761c4b716,Marzahn-Hellersdorf,NotSafe,"3580,1254227831687"
20596,ccfe0fd8-5ac5-434d-b5f4-c52326b0057b,Neukölln,Safe,"3191,6829474445467"
20739,9c44def6-965b-4bb8-be45-d552d116d3f7,Steglitz-Zehlendorf,NotSafe,"3795,5141918917057"
20812,a68e584a-8ed8-42a3-a67d-0e69e31d3879,Spandau,NotSafe,"1372,969776138065"
21040,74fa8861-e256-4939-8bc9-a708e58098cf,Marzahn-Hellersdorf,NotSafe,"5240,487066776708"
21365,148bfa6a-f689-4447-8068-ff1990469280,Neukölln,Safe,"2371,2170203829314"
21481,857447d3-1454-4494-9b65-c21e7e22b087,Marzahn-Hellersdorf,NotSafe,"2683,9468925823903"
21628,0d38f503-7dec-46f7-9809-3e20c6462e9b,Spandau,NotSafe,"719,8745168289702"
22003,5c2fd87f-3d15-4d61-b6d1-476487df0e34,Marzahn-Hellersdorf,NotSafe,"2302,1400330746665"
22088,5c2fd87f-3d15-4d61-b6d1-476487df0e34,Marzahn-Hellersdorf,NotSafe,"3515,73283019539"
22116,5c2fd87f-3d15-4d61-b6d1-476487df0e34,Marzahn-Hellersdorf,NotSafe,"3492,686862001491"
22393,adf486e6-1ff6-43a9-bb1c-02b58bb346b3,Marzahn-Hellersdorf,NotSafe,"5602,688052486176"
22543,f884e70e-f6b3-489d-aca1-f02fa7b2a338,Reinickendorf,RatherSafe,"936,4609309895059"
22587,6889a586-317f-4d34-a7db-57a579255f6c,Spandau,NotSafe,"5690,83672256834"
22715,dfc5821a-e8bb-42ba-8e77-306c9f2c6179,Marzahn-Hellersdorf,NotSafe,"3551,1635172473893"
23118,7eeeb601-f645-4f18-adc1-2fbb529dd385,Tempelhof-Schöneberg,NotSafe,"856,2204831265564"
23119,a79326dd-36e5-438d-abec-b6cf5966ff2e,Friedrichshain-Kreuzberg,RatherSafe,"4479,921569390467"
23171,664b9106-5754-4fb0-aa4e-17105a38d157,Neukölln,Safe,"2145,669087753595"
23197,34fbdbd3-2494-499c-8652-9947c9ba29ee,Tempelhof-Schöneberg,NotSafe,"839,0881973033513"
23435,bc7faa5d-3da3-4f72-8e2a-576d736cc098,Reinickendorf,RatherSafe,"3525,1665193871636"
23486,fad9c5e6-4faf-4d8d-ae1f-e063fe2ce084,Marzahn-Hellersdorf,NotSafe,"3869,51229058187"
23859,dfc5821a-e8bb-42ba-8e77-306c9f2c6179,Marzahn-Hellersdorf,NotSafe,"3359,4669844064274"
23860,a7deae09-073a-4101-a5bd-6a69d9e2c8a6,Treptow-Köpenick,Safe,"609,023177951065"
24022,31d7b6a0-dc43-47f0-a9c8-8f4e8fd7162a,Spandau,NotSafe,"1613,02932359842"
24376,715a028c-b419-4c1c-b156-9d413fd7878b,Pankow,Safe,"1710,4874484148638"
25037,00727c33-8673-4b46-a3a0-56f0ec5f5682,Charlottenburg-Wilmersdorf,RatherSafe,"1936,5268732745612"
25038,403f2033-041a-4d57-af0e-011fb1439da3,Marzahn-Hellersdorf,NotSafe,"3137,7885755027405"
25039,60869d29-ee76-401a-865f-da10373652e9,Marzahn-Hellersdorf,NotSafe,"7145,782326105637"
25277,df2a15fa-f638-4ed3-aa7d-d892b3944b9c,Mitte,Safe,"1801,9834299617523"
25427,4f4b1ab0-fd99-409a-afeb-3cc40960a4db,Friedrichshain-Kreuzberg,RatherSafe,"1293,5193760942054"
25642,08e4e873-3788-42b8-a5a4-d35d8d488b03,Lichtenberg,RatherSafe,"2789,467786581719"
26131,21b6da4c-f9de-4948-80a8-b90d15b2fbbf,Neukölln,Safe,"2312,160605952497"
26567,e581d3f5-7851-42a0-a080-4dc0e22a1db1,Reinickendorf,RatherSafe,"4883,355027353536"
26603,66584897-cd74-44d2-bf6d-758d852f873c,Pankow,Safe,"5781,140404726622"
26630,ee338e3b-5e0a-43c1-8820-cde23f491d0a,Charlottenburg-Wilmersdorf,RatherSafe,"1098,5747287474142"
27791,d03311f7-1fca-4cc1-b1f0-e2f8634861f5,Charlottenburg-Wilmersdorf,RatherSafe,"2523,1760159709715"
27858,10f50ffe-4450-4d81-a918-2d475a3956fe,Friedrichshain-Kreuzberg,RatherSafe,"1471,9621206878692"
28554,8707d8b9-7f04-4baa-877e-3eb26698d6ec,Treptow-Köpenick,Safe,"1461,9689787095247"
28582,915c8cea-d7cf-4302-90ae-07bcc25065d4,Reinickendorf,RatherSafe,"2343,627226514384"
28786,11c6b63a-8df2-4330-b737-f9d34d53c0dc,Pankow,Safe,"2808,8994020777645"
29284,789f4844-1ba7-43cb-8d35-7132976cd249,Steglitz-Zehlendorf,NotSafe,"4531,207102353896"
29697,f34a0356-e413-480b-90b7-ba4358daaab7,Tempelhof-Schöneberg,NotSafe,"1051,4542866194595"
29728,d43a081b-b963-4755-a92b-df2d56715a23,Pankow,Safe,"4475,336207883635"
29858,630280b3-b66b-4fe8-9774-819533078397,Friedrichshain-Kreuzberg,RatherSafe,"958,1618946500256"
29985,cd7133d0-097b-4f5a-b6b9-5ecc88f20348,Tempelhof-Schöneberg,NotSafe,"3574,516963563556"
30030,a65a3e0c-f863-45b0-baa4-ac0bb79ce471,Marzahn-Hellersdorf,NotSafe,"10121,299097784555"
30188,a691cc1d-2c19-4cb2-9f68-82ba7294e80e,Pankow,Safe,"2339,4003999854726"
30240,b90f6032-d3f8-4fb6-b146-c71d583e34bd,Neukölln,Safe,"1709,535999665158"
30451,2bff51f7-1b30-4208-93f4-408805da4702,Steglitz-Zehlendorf,NotSafe,"5004,592278784608"
30507,8f730aec-d51a-414d-86b4-4cce6b190e45,Friedrichshain-Kreuzberg,RatherSafe,"1924,3710880479755"
30594,7fabdeb0-5941-4887-9607-d22924f6684e,Spandau,NotSafe,"4746,256732462154"
30641,9e2c8ff7-f686-4225-86e8-2e1162e24b9c,Treptow-Köpenick,Safe,"3455,0831861729334"
30668,9e2c8ff7-f686-4225-86e8-2e1162e24b9c,Treptow-Köpenick,Safe,"3477,7698639319524"
30670,8bce7c27-1eef-4b03-9aa9-53fecfbe62c1,Spandau,NotSafe,"4759,495798041861"
30710,fea7ec7a-c256-407c-aa5d-ccceaa67c5b1,Spandau,NotSafe,"2522,4412083897864"
30916,7bf92598-9881-4ff3-9d07-9ca1a45e8637,Steglitz-Zehlendorf,NotSafe,"1971,8605329078257"
31002,183f936a-777a-4cb4-becf-bda366d22c9b,Tempelhof-Schöneberg,NotSafe,"690,7806280859315"
31243,5c8ec0e4-12e8-418a-8102-b2c70fa585c2,Neukölln,Safe,"5418,8567299958195"
31304,be36eb0d-7a93-4879-93ba-0b7bdb463336,Tempelhof-Schöneberg,NotSafe,"1026,1105085496845"
31454,8ab07081-29d0-41fa-a44e-176e7b9741d1,Spandau,NotSafe,"1563,2442073558743"
31506,6d4d24da-f9d4-44b7-97a6-ab0765430bd4,Charlottenburg-Wilmersdorf,RatherSafe,"1442,0550163178389"
32018,d5986d5a-0764-4d21-ae15-e35dbb309ee6,Marzahn-Hellersdorf,NotSafe,"3595,1775354053307"
32343,b81e99bd-023d-48ea-b2db-f2083cd7c55d,Charlottenburg-Wilmersdorf,RatherSafe,"2943,76384099749"
32665,ac6a6ed4-444c-402e-8e90-c01682786721,Steglitz-Zehlendorf,NotSafe,"4213,09901104883"
32929,449de526-d3b7-4a61-aecf-9492a45630cc,Tempelhof-Schöneberg,NotSafe,"1233,1052555136591"
34319,90b70e62-f9c3-4f91-9ce9-1c5b888e0dc9,Reinickendorf,RatherSafe,"2227,75672329667"
34528,8b2e5d12-d6b6-4130-b273-d2d094534218,Steglitz-Zehlendorf,NotSafe,"8434,236090594013"
34529,2ef73d3b-7aab-4c28-9925-bdc7912e899e,Pankow,Safe,"3421,011981306366"
34576,bab47dde-b892-4016-8fb5-53c8893476a1,Steglitz-Zehlendorf,NotSafe,"2129,6927494239403"
34779,c063f58d-5233-4c66-bd8e-ab043641c9cd,Reinickendorf,RatherSafe,"1288,0234835374683"
34839,0eb3bdb4-e29d-47f7-bf6b-e19e084ee171,Marzahn-Hellersdorf,NotSafe,"3430,23838669952"
34891,789b556a-b8e5-4c3f-a905-51c0528f017e,Reinickendorf,RatherSafe,"9757,324434933687"
34892,ad520068-a2d6-43f4-b70f-5588d8275454,Lichtenberg,RatherSafe,"5048,9001406752"
35130,79088931-40b0-4c41-8661-17084f6be194,Steglitz-Zehlendorf,NotSafe,"652,7834970085428"
35246,d63112b9-d81d-4829-ac45-74018b3ecacc,Lichtenberg,RatherSafe,"1261,3739239604517"
35287,691cb865-fe0f-4f6c-9455-91c45046d039,Treptow-Köpenick,Safe,"4603,177967684348"
35288,13410777-3d5a-4e63-9c29-9b3a81a4db4d,Lichtenberg,RatherSafe,"5687,836205221747"
35315,94cdc0a2-c739-4058-beed-7ca37e666c24,Tempelhof-Schöneberg,NotSafe,"1032,093037579367"
35410,076d3ad8-fc50-4e1e-a658-8581afaee4e1,Tempelhof-Schöneberg,NotSafe,"7518,157602906567"
35753,e55682a4-46fd-47fe-a81c-fee3c0d19db0,Treptow-Köpenick,Safe,"1774,1780602800152"
36008,53867184-20c9-46da-afb0-bad4fea28134,Neukölln,Safe,"2668,9086108435013"
36227,98b01131-450f-4bbb-b19f-07aa55e9fb42,Tempelhof-Schöneberg,NotSafe,"5667,698742700308"
36479,95542106-a85d-42df-887d-4790d191c962,Treptow-Köpenick,Safe,"4261,8042457596775"
36554,75dce25c-6e88-46ed-bf77-c5e4b2d06765,Lichtenberg,RatherSafe,"3349,417394264247"
36854,c43c3dc3-7c76-4967-9157-2479a1b880b9,Spandau,NotSafe,"3469,7396079384926"
36970,75dce25c-6e88-46ed-bf77-c5e4b2d06765,Lichtenberg,RatherSafe,"3448,067334599134"
37049,75dce25c-6e88-46ed-bf77-c5e4b2d06765,Lichtenberg,RatherSafe,"862,3972512166303"
37051,4ae944f3-59d0-4ba9-94e9-e8fc64e09aad,Neukölln,Safe,"5342,225593457228"
37078,6b29aad1-20d2-4d26-b553-02e4e8fc2950,Marzahn-Hellersdorf,NotSafe,"1152,2826205752249"
37303,75dce25c-6e88-46ed-bf77-c5e4b2d06765,Lichtenberg,RatherSafe,"3540,8902996165302"
37379,052e3ecf-eb1e-4de7-a604-c0d036db68b9,Neukölln,Safe,"409,32620753820476"
37380,fe4382d5-1ff4-467e-9bd8-0bf88f153bc4,Spandau,NotSafe,"1330,2275018911052"
37640,eaa9be61-ca18-4c67-914b-dab470e25e59,Spandau,NotSafe,"222,89290421381386"
37788,522ce820-083e-4b64-8d8f-8e110dd70209,Spandau,NotSafe,"5588,9891945208865"
37872,5fea4d0a-dd42-4c8c-a90f-943f1fd6026a,Tempelhof-Schöneberg,NotSafe,"3345,386448943545"
38195,9934b059-8760-42d8-8b17-bf784fdd13a6,Marzahn-Hellersdorf,NotSafe,"5780,141698899238"
38451,56d5d55e-f601-4001-b6db-38a3cc47e8f7,Lichtenberg,RatherSafe,"6722,105183231953"
38855,f7310e57-763e-4114-87de-6b981859cead,Reinickendorf,RatherSafe,"2714,9154413959054"
38856,44565999-a163-42df-96c0-34d59ed81ae5,Pankow,Safe,"11492,029816063165"
39055,5714b38a-700a-46ad-bf3c-fdf0ee96cf69,Mitte,Safe,"2293,258793899753"
39191,5fea4d0a-dd42-4c8c-a90f-943f1fd6026a,Tempelhof-Schöneberg,NotSafe,"3465,3661837854684"
39299,75321360-be3c-4b25-906c-089deb9476be,Charlottenburg-Wilmersdorf,RatherSafe,"736,3548434114855"
39504,650800ad-afea-4daa-be48-4650b190aac8,Reinickendorf,RatherSafe,"4734,363561896886"
39581,f2a76362-ea8e-43ed-b53e-7b8f3b08a0c6,Pankow,Safe,"2763,784472471177"
39615,c43c3dc3-7c76-4967-9157-2479a1b880b9,Spandau,NotSafe,"3590,8867276759565"
39642,999992ef-54b7-4d09-a870-77de4ab69266,Reinickendorf,RatherSafe,"3057,325767400874"
39778,cd094704-5b11-499e-90e9-958021fe6fbb,Charlottenburg-Wilmersdorf,RatherSafe,"2802,909282483208"
39862,5cb500bf-ef82-448f-b490-bcae95c6c25c,Charlottenburg-Wilmersdorf,RatherSafe,"2343,2057967085457"
39967,5fea4d0a-dd42-4c8c-a90f-943f1fd6026a,Tempelhof-Schöneberg,NotSafe,"3479,206280368913"
39995,5fea4d0a-dd42-4c8c-a90f-943f1fd6026a,Tempelhof-Schöneberg,NotSafe,"3580,1085541629996"
40060,e909a303-d93e-4e09-a766-f8ed8fbcc40d,Steglitz-Zehlendorf,NotSafe,"1998,7232658919863"
40061,a6cd4567-a1c6-4cc2-9925-4c35c83d0143,Marzahn-Hellersdorf,NotSafe,"7637,344679316336"
40097,33250df9-fcb7-4553-b18c-770c583a3f58,Treptow-Köpenick,Safe,"6221,61755520562"
40246,4f0a6c2a-0673-4ea0-a0bf-4e378a54b77b,Marzahn-Hellersdorf,NotSafe,"3463,0788689729166"
40469,4f0a6c2a-0673-4ea0-a0bf-4e378a54b77b,Marzahn-Hellersdorf,NotSafe,"3490,3237021507907"
40495,06ac8123-7978-4891-b61e-6c92fe43acf0,Spandau,NotSafe,"7459,21636617453"
40637,4f0a6c2a-0673-4ea0-a0bf-4e378a54b77b,Marzahn-Hellersdorf,NotSafe,"3261,001398144681"
40871,c2d052e1-9d7a-45d7-9a13-654e4507f51e,Lichtenberg,RatherSafe,"3551,1874693255427"
41167,96c426c3-f4a7-462c-8d98-53df903b233b,Lichtenberg,RatherSafe,"6974,954958476447"
41269,1a23fb9a-ecc0-49ab-aae8-8f93b8f9623e,Marzahn-Hellersdorf,NotSafe,"4216,726071851795"
41331,4978f243-165c-439f-88a2-66f081169c14,Spandau,NotSafe,"2048,006771087527"
41333,9554b6d8-6c39-48d1-a275-5abad1ad9fed,Spandau,NotSafe,"2382,998922302374"
41379,e9189ede-568b-4b4a-a6bf-a784c894ab96,Tempelhof-Schöneberg,NotSafe,"4404,88385953379"
41478,4f0a6c2a-0673-4ea0-a0bf-4e378a54b77b,Marzahn-Hellersdorf,NotSafe,"3411,236755217542"
41606,a8f42d11-a761-4cdd-95e9-f9a1f8a0ab2d,Marzahn-Hellersdorf,NotSafe,"4337,003753228726"
41633,c38c3b20-b904-453b-8a1c-24fa1e9a69c8,Neukölln,Safe,"4757,515256691245"
41666,1b22fcd2-38e2-4b25-9c9a-9c9f65d3b0fa,Marzahn-Hellersdorf,NotSafe,"7649,485150100114"
41775,5fea4d0a-dd42-4c8c-a90f-943f1fd6026a,Tempelhof-Schöneberg,NotSafe,"3327,1645339189013"
41877,29b20712-6818-489d-b6de-15b660f43c57,Reinickendorf,RatherSafe,"4795,859863245036"
41878,f387be88-52b2-4761-8e02-6198678f069c,Reinickendorf,RatherSafe,"3237,8713237748375"
42146,150ef089-ef5d-4f12-adbf-31cfda042257,Steglitz-Zehlendorf,NotSafe,"8290,065617981598"
42205,e660e827-d945-49af-93d3-584015ba09a2,Steglitz-Zehlendorf,NotSafe,"4917,760250331212"
42643,ecc8a2d8-f66a-42d3-bdab-7fe5f566d292,Tempelhof-Schöneberg,NotSafe,"1541,1643600990244"
42943,9287092f-936c-40bb-958f-533200bbda06,Lichtenberg,RatherSafe,"1049,6164404384187"
43079,0f567d58-064c-4a34-9631-f93a65d4c031,Reinickendorf,RatherSafe,"7571,03625884136"
43080,69d9c13e-38ce-4aac-89f5-ad53779d99d8,Friedrichshain-Kreuzberg,RatherSafe,"1009,9285354069034"
43361,9906b44c-fd6e-44c0-b1e5-501b94c7a6dc,Steglitz-Zehlendorf,NotSafe,"96,52834344407086"
43492,48ac4a4b-a2e1-4080-8814-bae079a1117b,Neukölln,Safe,"4003,6656349401464"
43545,de5d30c4-9e3c-4fd4-9dfd-9a258f2ea786,Spandau,NotSafe,"3393,9297120240403"
43546,fdde6040-3b76-42a5-97a7-df5dc91ae236,Charlottenburg-Wilmersdorf,RatherSafe,"9103,879745454697"
43754,07363dfc-ac5c-4418-92b3-ff26d89c8ac7,Steglitz-Zehlendorf,NotSafe,"5295,466896284954"
44122,4e24bc57-31d9-41c8-a442-78a895bf132b,Friedrichshain-Kreuzberg,RatherSafe,"3546,3751869055304"
44124,17ae22e7-a46b-4e79-80d1-62723fd495be,Tempelhof-Schöneberg,NotSafe,"3986,7212161309935"
44235,622ebbdd-f243-4d80-9cc5-7137b5a7eaf5,Charlottenburg-Wilmersdorf,RatherSafe,"1652,8405635718905"
44318,c9e29564-297b-41ec-8585-50d29c3362ec,Marzahn-Hellersdorf,NotSafe,"2307,022101430077"
44759,15b436ff-cd02-4075-a1d5-8d6ed7a29cea,Steglitz-Zehlendorf,NotSafe,"7210,859882333135"
44760,754a2bc4-3679-441f-b11d-4500e8eaa6ff,Steglitz-Zehlendorf,NotSafe,"460,3733416225963"
44851,ea91afc5-4530-48d7-a341-b4da43e69bf2,Reinickendorf,RatherSafe,"2282,580263495872"
44879,f895d73e-b65c-4bd0-83ce-a817191c49b0,Lichtenberg,RatherSafe,"1950,9046238052456"
45164,4940da03-c336-455b-92d7-5fd86b40747a,Friedrichshain-Kreuzberg,RatherSafe,"3341,9365216124243"
45197,77c578eb-c2a8-42ce-84eb-0ea6e0c23de6,Reinickendorf,RatherSafe,"7959,124842479619"
45225,4441e8bd-653f-4b1f-b548-206435cfc48f,Tempelhof-Schöneberg,NotSafe,"2333,911645269404"
45225,4441e8bd-653f-4b1f-b548-206435cfc48f,Tempelhof-Schöneberg,NotSafe,"2062,689293779148"
45226,4441e8bd-653f-4b1f-b548-206435cfc48f,Tempelhof-Schöneberg,NotSafe,"1521,5321324842587"
45228,4441e8bd-653f-4b1f-b548-206435cfc48f,Tempelhof-Schöneberg,NotSafe,"2395,6860408595708"
45906,602fcbde-dc71-4626-a6e2-86d634f5c290,Marzahn-Hellersdorf,NotSafe,"4242,97499964747"
46277,811b2bf1-8749-4a72-a5a4-da86591ee38b,Treptow-Köpenick,Safe,"2904,4837561313684"
46578,a3188e6e-e7d0-4e85-9735-ff87c63d280f,Reinickendorf,RatherSafe,"1514,071290152005"
46743,7c060bbd-4e77-48cb-b794-380b9738bcac,Tempelhof-Schöneberg,NotSafe,"1456,8915099558608"
46842,f11bc0b5-6690-4b9f-9602-85eb4f21806c,Neukölln,Safe,"1728,2771713434465"
46919,31074f5a-3605-423f-9dce-bc999f2e661d,Reinickendorf,RatherSafe,"5611,595215402846"
46946,89d88e30-9cff-489e-9df9-2ef8b9290763,Lichtenberg,RatherSafe,"1318,8344896435951"
47296,abd525cb-26d2-42e4-abdf-f9af04fde86e,Reinickendorf,RatherSafe,"3358,481595507853"
47480,6549145f-dace-4736-b61b-a93178c43975,Charlottenburg-Wilmersdorf,RatherSafe,"3376,757062824118"
47532,fb357524-09a8-4bbc-a09b-0895ad39c8cb,Neukölln,Safe,"1725,895913156551"
47632,83c1ce3a-ea96-4d2a-a4e9-9ee179a3a93a,Tempelhof-Schöneberg,NotSafe,"1098,9721807393867"
47659,83c1ce3a-ea96-4d2a-a4e9-9ee179a3a93a,Tempelhof-Schöneberg,NotSafe,"1941,9602979068163"
47884,f19d3b3f-1cf7-484b-81bc-71b172be4bde,Steglitz-Zehlendorf,NotSafe,"1907,4918415305892"
47918,0f121d6c-7b26-4246-85dd-98de1c0516a0,Spandau,NotSafe,"3598,2618094576615"
47944,2d8167b3-777c-40c1-8f1f-a532095080ca,Pankow,Safe,"4784,307179713476"
48237,95881ee3-9fc3-4cf5-a06e-716dbcce5db0,Tempelhof-Schöneberg,NotSafe,"1855,8569022266859"
48310,d3640d8a-f164-48d5-bf79-2344df80ee4a,Charlottenburg-Wilmersdorf,RatherSafe,"3500,2631569096966"
48446,c3f0f061-27f1-4666-a77b-9f975619e829,Lichtenberg,RatherSafe,"2115,7670292829384"
48638,09efd72f-0ff5-4b5f-8ab5-a02bee4f4316,Lichtenberg,RatherSafe,"1106,0286453270342"
48853,f1b16f90-de4d-4977-bebb-570f642a3c98,Charlottenburg-Wilmersdorf,RatherSafe,"1685,8820884521501"
48976,e4579939-f582-40fa-8edf-752312a4869b,Tempelhof-Schöneberg,NotSafe,"3335,74878808015"
49027,85d1f81a-fd13-46b3-8c7a-2a63fac60540,Spandau,NotSafe,"9865,218271088734"
49139,fa7d1387-2441-4321-a74b-4fb889d34b2e,Reinickendorf,RatherSafe,"13164,960924381381"
49507,454fed3b-3246-4407-ad3d-6eafbea6ac82,Charlottenburg-Wilmersdorf,RatherSafe,"1981,6791218162462"
49508,454fed3b-3246-4407-ad3d-6eafbea6ac82,Charlottenburg-Wilmersdorf,RatherSafe,"1511,0646079153162"
49561,ca6d205b-b147-4bdb-bcb2-bb9dd8c30ff2,Reinickendorf,RatherSafe,"8016,094394324977"
49853,abd525cb-26d2-42e4-abdf-f9af04fde86e,Reinickendorf,RatherSafe,"3332,7548995068582"
49907,710f4553-4e35-46b5-9075-3224a05f4a43,Spandau,NotSafe,"12786,989478996926"
50048,abd525cb-26d2-42e4-abdf-f9af04fde86e,Reinickendorf,RatherSafe,"3437,1204506508266"
50176,abd525cb-26d2-42e4-abdf-f9af04fde86e,Reinickendorf,RatherSafe,"3450,2704289303815"
50743,caa61765-6e78-4287-a650-a9369c5f0161,Friedrichshain-Kreuzberg,RatherSafe,"2184,8236351660294"
50864,25edd9bd-6d6d-42e1-a4b5-ef00f3f48a6e,Pankow,Safe,"3220,340924002156"
50893,0f121d6c-7b26-4246-85dd-98de1c0516a0,Spandau,NotSafe,"3401,881996051042"
51004,839ec323-8dea-4d11-9d38-dbc2b8c21ea9,Marzahn-Hellersdorf,NotSafe,"1199,8069620477759"
51055,0f121d6c-7b26-4246-85dd-98de1c0516a0,Spandau,NotSafe,"3576,211528441983"
51211,b0bf92a8-4fc6-4410-abe9-15d884eb8a2b,Neukölln,Safe,"980,7668867671114"
51263,71c42001-7fb7-43d2-93d0-b7f27833b2b0,Charlottenburg-Wilmersdorf,RatherSafe,"3040,9083155317494"
51586,f7050968-3ab2-4aaf-a7d8-9b41634fe5b2,Charlottenburg-Wilmersdorf,RatherSafe,"3289,28383190135"
51695,2f70109e-1c54-4639-b2e4-8acc98b7dce2,Pankow,Safe,"3997,798905717335"
51888,7069bb91-27b1-48eb-97aa-f8f9bcb4767c,Marzahn-Hellersdorf,NotSafe,"3638,9077123297307"
52007,01072eb7-0ac1-4d2f-865d-05a78582b0bd,Reinickendorf,RatherSafe,"1627,1716418579101"
52008,e1343dc9-7d79-4791-83f3-11dab3edfec0,Reinickendorf,RatherSafe,"4862,191426986395"
52055,75b0d2ba-ce42-4f3d-b0a9-793e85a4c769,Steglitz-Zehlendorf,NotSafe,"6932,748503041041"
52168,9091f540-ad63-4310-b610-fdab1c3f94f2,Friedrichshain-Kreuzberg,RatherSafe,"1135,773813867621"
53215,6e1dd206-643f-42e0-8cf9-32e9be6efd37,Reinickendorf,RatherSafe,"3968,3954207471756"
53251,905a1fa2-83f0-49fa-bcfb-b9d73229dfcd,Treptow-Köpenick,Safe,"2676,1675449276613"
53461,8f8ba52d-5c31-4eb8-b832-f243629f85c0,Tempelhof-Schöneberg,NotSafe,"1265,024307128189"
53618,b7abd255-3072-436d-843c-8fe47ba09f69,Marzahn-Hellersdorf,NotSafe,"5546,724537368416"
53680,c83c1eb5-42b0-43b8-86dc-2f159ef3a157,Treptow-Köpenick,Safe,"3287,610727453388"
53775,2108d53c-3ef9-46a7-ad6e-793a4956dfe2,Charlottenburg-Wilmersdorf,RatherSafe,"956,5585710972723"
54224,ce22889a-8383-4764-b5f7-e443b50869ec,Pankow,Safe,"634,4400645497387"
54251,93905433-2002-4868-b076-7dab5ff0c623,Mitte,Safe,"563,1120473893739"
54311,685b8eec-92e5-4d78-8ac0-09ba190e8a34,Lichtenberg,RatherSafe,"2227,353983260292"
54599,25037cca-8a31-46e0-9cf4-591ee1f2c236,Lichtenberg,RatherSafe,"1049,164559612392"
54702,855e05a9-6504-47f9-a72b-45bce7a50ed4,Marzahn-Hellersdorf,NotSafe,"3153,291449340378"
54931,d83af8db-a70e-43a0-9418-7c6b1f2f0208,Spandau,NotSafe,"736,0844297388719"
55158,8c67d9db-31d3-4f04-b9c5-3f8cedc18d3d,Treptow-Köpenick,Safe,"8151,266144117402"
55302,e03aeab6-54ea-4454-8cb6-89883a8e2f0a,Marzahn-Hellersdorf,NotSafe,"3316,4304177369813"
55330,e03aeab6-54ea-4454-8cb6-89883a8e2f0a,Marzahn-Hellersdorf,NotSafe,"3558,6116472151043"
55363,e03aeab6-54ea-4454-8cb6-89883a8e2f0a,Marzahn-Hellersdorf,NotSafe,"3489,3149127709094"
55926,d8e02ddc-f74e-42e5-a335-c8666e6ccf3e,Treptow-Köpenick,Safe,"5312,518930428349"
56010,e03aeab6-54ea-4454-8cb6-89883a8e2f0a,Marzahn-Hellersdorf,NotSafe,"3386,4147809703645"
56320,4c182c2c-f00e-4831-8c9d-eeca384a2e69,Spandau,NotSafe,"3368,4843614480988"
56398,4c182c2c-f00e-4831-8c9d-eeca384a2e69,Spandau,NotSafe,"3514,788357085011"
56424,4c182c2c-f00e-4831-8c9d-eeca384a2e69,Spandau,NotSafe,"3335,7168107719885"
56543,4c182c2c-f00e-4831-8c9d-eeca384a2e69,Spandau,NotSafe,"3502,6179420799895"
56601,27d85c73-a0e7-428d-b5a3-ea3909232f54,Mitte,Safe,"1510,717559640632"
56701,4c182c2c-f00e-4831-8c9d-eeca384a2e69,Spandau,NotSafe,"3266,1456217658974"
57161,079d90be-b5f9-4bd7-bf2d-244b2061c273,Charlottenburg-Wilmersdorf,RatherSafe,"4604,428021709343"
57412,1d49b56d-6530-4959-a2c7-7614b27d1002,Spandau,NotSafe,"433,9582677031095"
57412,4eb9eaa8-eeb9-481d-931c-a299b9957a14,Lichtenberg,RatherSafe,"539,1193640812298"
57471,31285b30-99a4-43a6-a417-24e1d050f097,Pankow,Safe,"750,4199222128345"
57593,0a76b0e1-c46e-46d9-9c3e-7616240d076f,Charlottenburg-Wilmersdorf,RatherSafe,"5109,13720268604"
58250,90f4e267-41a9-453b-9aae-d1074ae62639,Friedrichshain-Kreuzberg,RatherSafe,"2639,654255816104"
58251,900205c6-9f47-44db-afe7-4398f274daa8,Lichtenberg,RatherSafe,"10385,784981458715"
58305,726efd87-6a4d-4d4c-84d1-b8480841f87f,Reinickendorf,RatherSafe,"9019,403943911979"
58307,7bac75f9-2beb-494d-97f6-aa40e399bf6c,Neukölln,Safe,"5191,840200128306"
58307,c05fe2ef-fd9d-424d-905a-704c54fae11c,Charlottenburg-Wilmersdorf,RatherSafe,"4487,019856193625"
58417,9339671a-b3b5-4e44-b60e-aa8fe5b46c6f,Reinickendorf,RatherSafe,"9820,709530851827"
58498,200f6753-0e42-4087-9a39-9a8163892225,Treptow-Köpenick,Safe,"13198,066063947588"
58868,ac98763c-f91c-4017-8d87-ed11c4f0475a,Lichtenberg,RatherSafe,"4372,592528735557"
59649,b4872621-3c1d-4c2b-b0d4-654b90a3bf10,Steglitz-Zehlendorf,NotSafe,"6646,577321812615"
59696,03155715-1978-4a04-aa00-b03de61cf546,Friedrichshain-Kreuzberg,RatherSafe,"2579,5044148596726"
59806,34313a0d-8e6b-4941-b751-070e28e674f7,Charlottenburg-Wilmersdorf,RatherSafe,"3859,8945929372535"
60233,3458b878-328c-408b-88b8-95781e402fbb,Lichtenberg,RatherSafe,"318,9941310752074"
60234,3458b878-328c-408b-88b8-95781e402fbb,Lichtenberg,RatherSafe,"1640,1811376933204"
60235,3458b878-328c-408b-88b8-95781e402fbb,Lichtenberg,RatherSafe,"1813,819905677584"
60237,3458b878-328c-408b-88b8-95781e402fbb,Lichtenberg,RatherSafe,"1918,081834690572"
60238,3458b878-328c-408b-88b8-95781e402fbb,Lichtenberg,RatherSafe,"1859,533559369604"
60294,42942131-4ff0-4687-b57b-567b76ce9079,Reinickendorf,RatherSafe,"1183,061107664112"
60405,d8997c0a-62a8-4fd6-bc1c-e6c0d03202be,Neukölln,Safe,"2150,698340337607"
60800,011503e9-2e28-4db5-ad95-61fd4613d4db,Lichtenberg,RatherSafe,"4418,168576550161"
60884,6575d3ba-47ea-48d7-8318-c2c33ade4574,Treptow-Köpenick,Safe,"1548,6022086956173"
60987,8363136d-fdad-47cf-b080-d2b2fbd46135,Steglitz-Zehlendorf,NotSafe,"2608,1469689999685"
61046,8363136d-fdad-47cf-b080-d2b2fbd46135,Steglitz-Zehlendorf,NotSafe,"3347,5151587629034"
61148,2a395395-69cf-43ee-b1ee-90041064baf1,Steglitz-Zehlendorf,NotSafe,"2099,512964248187"
61381,0fe73479-30c2-4469-a399-5ae51460e609,Steglitz-Zehlendorf,NotSafe,"8484,151480941317"
61424,a55d87b3-48af-4722-974b-0c78cf318077,Steglitz-Zehlendorf,NotSafe,"8847,605087683725"
61468,91ae5d20-28e3-4876-8cdf-aeaafa00672c,Steglitz-Zehlendorf,NotSafe,"4818,681387144683"
62007,6f52d100-c416-4505-97dd-1fd16a4d3a9a,Steglitz-Zehlendorf,NotSafe,"4134,957455682043"
62055,ad4d9aad-ff71-42ca-8eda-e423b3eb1f15,Spandau,NotSafe,"8406,80496506789"
62133,7cb70071-f94e-4276-9083-811b763c366d,Marzahn-Hellersdorf,NotSafe,"5608,628266376537"
62133,ca4dd26d-c5fe-4026-9695-5def8bbea59e,Charlottenburg-Wilmersdorf,RatherSafe,"1706,354883776361"
62238,de68ade6-1ba6-4adb-b1f8-3175b73f1cbf,Charlottenburg-Wilmersdorf,RatherSafe,"3479,3552950446256"
62327,5ddb6d07-d37d-4022-8e35-abc5d57abb79,Reinickendorf,RatherSafe,"4451,9730960738725"
62403,20a48375-090b-4506-bb93-486da14dd36d,Steglitz-Zehlendorf,NotSafe,"1961,4834318057958"
62455,a0ca02e8-d025-4119-8f3d-7ec8450a252d,Marzahn-Hellersdorf,NotSafe,"3652,4253387436283"
62489,17335d70-df17-47ad-9bca-712dbd5bad05,Reinickendorf,RatherSafe,"7536,381979537823"
62567,be6d5aef-964e-49e7-916c-f9815dd92c66,Reinickendorf,RatherSafe,"3351,000598966958"
62864,f4512bee-a5b0-4db6-a390-0d254a55c858,Charlottenburg-Wilmersdorf,RatherSafe,"3153,9552457629807"
62948,be6d5aef-964e-49e7-916c-f9815dd92c66,Reinickendorf,RatherSafe,"3224,61592254487"
63125,d3eabf33-7d5c-455a-a289-8d59b229b762,Tempelhof-Schöneberg,NotSafe,"2107,3784269400408"
63127,cc986bb0-9e56-4a9c-8323-532fbed6edac,Neukölln,Safe,"2701,8835888476897"
63354,3f0549a6-801b-40ef-9428-bd294c0ab3f2,Spandau,NotSafe,"3751,490647397139"
63429,be6d5aef-964e-49e7-916c-f9815dd92c66,Reinickendorf,RatherSafe,"3480,188591159821"
63617,4ceb22bd-c5ac-4261-af3c-143da9a62228,Neukölln,Safe,"2196,495634365123"
63993,8363136d-fdad-47cf-b080-d2b2fbd46135,Steglitz-Zehlendorf,NotSafe,"3458,329622523562"
63994,084a9c29-d8d3-4b02-9fbf-c300df27e6dc,Charlottenburg-Wilmersdorf,RatherSafe,"2029,591381244825"
63995,084a9c29-d8d3-4b02-9fbf-c300df27e6dc,Charlottenburg-Wilmersdorf,RatherSafe,"1976,6802596059463"
63996,084a9c29-d8d3-4b02-9fbf-c300df27e6dc,Charlottenburg-Wilmersdorf,RatherSafe,"2220,662255834341"
64374,82a4e272-f265-4bc4-8a88-b6275684fe6c,Tempelhof-Schöneberg,NotSafe,"1760,282798441018"
64831,8363136d-fdad-47cf-b080-d2b2fbd46135,Steglitz-Zehlendorf,NotSafe,"3495,8658850753127"
64832,973c6633-3ad3-47cd-bc2a-0476de7cf5c6,Neukölln,Safe,"2087,557511434625"
64977,05ce15eb-d30e-4d78-ae93-98a233cfd83e,Tempelhof-Schöneberg,NotSafe,"1926,7584790996598"
64978,05ce15eb-d30e-4d78-ae93-98a233cfd83e,Tempelhof-Schöneberg,NotSafe,"2311,9473951077357"
65033,05ce15eb-d30e-4d78-ae93-98a233cfd83e,Tempelhof-Schöneberg,NotSafe,"2910,7412921703494"
65033,05ce15eb-d30e-4d78-ae93-98a233cfd83e,Tempelhof-Schöneberg,NotSafe,"3540,355391967026"
65034,05ce15eb-d30e-4d78-ae93-98a233cfd83e,Tempelhof-Schöneberg,NotSafe,"2894,487602523815"
65177,ee6d116e-0bbe-460c-8ea4-47ccfa05e576,Spandau,NotSafe,"5985,265288094833"
65599,35725468-92cc-4b62-b5fe-ae9346639fe9,Treptow-Köpenick,Safe,"3370,256666194674"
65821,ba43eb81-47a2-4be2-8dba-a5bd5b516ffd,Treptow-Köpenick,Safe,"3529,4799894127696"
65967,02c6fe2d-f715-42b1-b2a9-9f39ca6257a1,Charlottenburg-Wilmersdorf,RatherSafe,"4231,348559779472"
66106,b9f49edd-a145-422c-9bac-00089e5cc22a,Tempelhof-Schöneberg,NotSafe,"2002,885154648003"
66425,a09cb7eb-0832-4766-9b99-4b31d01a9bb2,Spandau,NotSafe,"1519,806479165343"
66699,9f360a32-94ef-4f7e-b8b5-4cdac200ecb6,Charlottenburg-Wilmersdorf,RatherSafe,"1125,724143692126"
67381,587dde97-3a03-4b93-811e-2aca85085650,Spandau,NotSafe,"5192,662641098893"
67540,8e265cfb-3494-4626-91e1-c603bb8bfe18,Spandau,NotSafe,"5141,442313296182"
67618,a97d31b8-f7b6-4434-9dac-7772225def0d,Marzahn-Hellersdorf,NotSafe,"1676,5232915492006"
67660,f1902ef7-2781-4ca0-9ad0-ee76745023e6,Tempelhof-Schöneberg,NotSafe,"3888,3452557734568"
67686,89b2d3c9-7cd5-44cd-b673-284214b653ce,Charlottenburg-Wilmersdorf,RatherSafe,"2415,786513347144"
67796,4d0d29aa-ea62-4e86-b86b-71dc94b5087b,Tempelhof-Schöneberg,NotSafe,"2101,460326649401"
67869,c40dd000-e49a-499e-baee-3a4c1e34bf79,Tempelhof-Schöneberg,NotSafe,"1549,2723102243854"
67936,dde4d0a3-02c0-48e0-836d-e68854ae8df8,Spandau,NotSafe,"855,977378837204"
67963,f3c54eec-47f6-4adf-8f6d-62e027d53df2,Lichtenberg,RatherSafe,"1613,420174382112"
67989,229ee95f-8f08-472a-ba5a-c0bf55223070,Tempelhof-Schöneberg,NotSafe,"1170,1381291376904"
68109,2bc3285a-2137-4293-9cb5-d98cab2b55ef,Lichtenberg,RatherSafe,"16,3250032826157"
68276,8038c3b1-91c5-4d88-81f4-1ed734e89c4d,Lichtenberg,RatherSafe,"3422,377478035401"
68329,dde4d0a3-02c0-48e0-836d-e68854ae8df8,Spandau,NotSafe,"3476,3286284540527"
68389,f725472d-fd5f-4a70-92a7-0c393abba3f1,Marzahn-Hellersdorf,NotSafe,"1477,0527664247752"
68472,d7e0423a-2818-4ea4-ad76-c57242869bcd,Steglitz-Zehlendorf,NotSafe,"5463,269211974835"
68643,59681299-d2a6-404b-a522-2f74dcde6728,Marzahn-Hellersdorf,NotSafe,"2595,3453367535376"
68643,8aaa0bb8-58a1-4b35-9d98-ed5fe5bd98b6,Marzahn-Hellersdorf,NotSafe,"8013,449192728316"
68756,f2121edf-4e84-4ee4-abc4-0fcbde711965,Marzahn-Hellersdorf,NotSafe,"5961,447478478063"
68840,438ce19a-6933-4688-a079-0902fdcf644f,Lichtenberg,RatherSafe,"2166,7843915718195"
69206,d088b90f-5934-4668-a0ac-0e417269c171,Spandau,NotSafe,"2683,0385470247343"
69256,9bc4767d-926b-49c5-8885-5d616cdbb07d,Steglitz-Zehlendorf,NotSafe,"1666,4459200102133"
69353,3f60ed53-7ec9-4cd1-b303-5de62d59df50,Neukölln,Safe,"2098,7070757863185"
69381,64f0c560-0053-436c-a17e-75a0bc1534b9,Tempelhof-Schöneberg,NotSafe,"2033,1551692735918"
69595,7d7e48c6-a1d1-4c8c-9a2b-b83d5e2fe91e,Marzahn-Hellersdorf,NotSafe,"3807,150814953173"
69713,d8e2baa3-ab8d-4dbc-9c7e-f52a782ff0b3,Lichtenberg,RatherSafe,"1971,5002657302812"
69781,adcf93c2-7011-40a9-b1cb-a4826db8301b,Tempelhof-Schöneberg,NotSafe,"2157,248245878718"
69882,f63e0e1b-1b74-4010-816d-97721951e0c5,Friedrichshain-Kreuzberg,RatherSafe,"1041,7145788175364"
69941,64f0c560-0053-436c-a17e-75a0bc1534b9,Tempelhof-Schöneberg,NotSafe,"3455,9711521408512"
70016,d088b90f-5934-4668-a0ac-0e417269c171,Spandau,NotSafe,"3442,3222031435616"
70089,0617551d-26a9-4ba9-a3cf-aa621b8c8d29,Friedrichshain-Kreuzberg,RatherSafe,"915,0605611379609"
70232,10e63005-4e31-403d-ab9e-9dc096cec244,Pankow,Safe,"9635,188763825005"
70291,4d9c7b31-3830-41ae-9df2-4f648bb8085c,Steglitz-Zehlendorf,NotSafe,"2635,577236246739"
70292,4d9c7b31-3830-41ae-9df2-4f648bb8085c,Steglitz-Zehlendorf,NotSafe,"2629,6860379046557"
70293,ae850c14-6bc1-4eb5-95a7-59daccceac34,Pankow,Safe,"7749,999228588631"
70382,a95b4a4a-21ca-4742-9dc6-f9574f2961d9,Friedrichshain-Kreuzberg,RatherSafe,"2723,4959907374846"
70462,4d9c7b31-3830-41ae-9df2-4f648bb8085c,Steglitz-Zehlendorf,NotSafe,"1064,1708905800438"
70940,f09cd255-eee5-4bbf-af33-98521039ab47,Charlottenburg-Wilmersdorf,RatherSafe,"2219,6356230359493"
70975,f1a57a73-e629-4450-a56b-c5e86b44b133,Steglitz-Zehlendorf,NotSafe,"4113,460882992272"
71203,6559130f-1691-45dd-a9ff-a151991bc126,Tempelhof-Schöneberg,NotSafe,"3979,187883466317"
71259,4d9c7b31-3830-41ae-9df2-4f648bb8085c,Steglitz-Zehlendorf,NotSafe,"3305,699766126012"
71351,9e686c1a-32b2-4bf5-9f87-c57d00095b32,Charlottenburg-Wilmersdorf,RatherSafe,"3792,4996427141086"
71733,66cb333a-79ae-4182-a62c-e22bc1e7d352,Neukölln,Safe,"2935,7272607791683"
71792,f887bb91-d0f5-48f3-b973-01a47aeb3d5b,Marzahn-Hellersdorf,NotSafe,"4491,522412071477"
72008,9e3628c9-db6c-466a-80cb-0999987d3594,Steglitz-Zehlendorf,NotSafe,"2998,296980734669"
72229,d911d04a-a850-4493-b6ef-dbc597857dbf,Lichtenberg,RatherSafe,"3003,3569875146554"
72230,6a01930b-81f0-4454-8b8f-4c77588a1558,Mitte,Safe,"2216,7194443313124"
72306,13679057-a5d8-4204-ac7a-ac58ef66b206,Lichtenberg,RatherSafe,"2294,1942254743267"
72902,679d2958-fb9c-4ac9-b3be-2ecbec90080f,Reinickendorf,RatherSafe,"532,2724135444103"
72904,d8cdc659-3f93-497d-a479-1842591e90e1,Neukölln,Safe,"5628,53361487647"
72905,28bfd5c8-d50e-4323-a090-faf40e400150,Steglitz-Zehlendorf,NotSafe,"6898,531390643395"
73212,5a0a066f-48a2-4ecf-b3a4-f8689a161436,Marzahn-Hellersdorf,NotSafe,"3349,4821228846195"
73730,b2ecae6e-42ad-40ef-b5c5-4cdf74736c89,Reinickendorf,RatherSafe,"710,0772690948988"
74451,bb7dd7ff-b5db-46c0-92a9-e7f6f8350cfe,Steglitz-Zehlendorf,NotSafe,"3484,2667670252035"
74494,fe4573db-66f5-49b7-b27d-e9b5c0838032,Neukölln,Safe,"4464,488529853334"
74605,576e42ed-d259-4602-80be-0bc941961979,Steglitz-Zehlendorf,NotSafe,"2546,4498466048312"
74654,d3b79dca-7dd5-4d61-96fc-f21b5f55823e,Friedrichshain-Kreuzberg,RatherSafe,"2359,5934772318874"
74689,5a0a066f-48a2-4ecf-b3a4-f8689a161436,Marzahn-Hellersdorf,NotSafe,"3575,240528346408"
74777,bb7dd7ff-b5db-46c0-92a9-e7f6f8350cfe,Steglitz-Zehlendorf,NotSafe,"3387,948282443984"
74804,bb7dd7ff-b5db-46c0-92a9-e7f6f8350cfe,Steglitz-Zehlendorf,NotSafe,"3568,174600013455"
74857,d088b90f-5934-4668-a0ac-0e417269c171,Spandau,NotSafe,"3559,4037846886245"
75147,0401fb60-169d-4d5f-a063-cba2d0562f63,Friedrichshain-Kreuzberg,RatherSafe,"1141,934163348752"
75244,74e33b26-ca95-49aa-b1fc-b3d3eb521e00,Steglitz-Zehlendorf,NotSafe,"2067,0610746716893"
75313,8d25090e-ccc1-493c-82e8-077cc86a5882,Reinickendorf,RatherSafe,"2116,3567506558056"
75341,d6863aa8-6337-4a1d-9748-c589abadd32f,Mitte,Safe,"1155,4786124562127"
75393,47e2eb4b-6d26-4c14-8b53-160c392a4e32,Lichtenberg,RatherSafe,"3571,3213983217397"
75450,64f0c560-0053-436c-a17e-75a0bc1534b9,Tempelhof-Schöneberg,NotSafe,"3371,2804447521544"
75513,ffccdbde-3146-4e39-9a1f-cd86096d8fb9,Friedrichshain-Kreuzberg,RatherSafe,"3573,3300789155383"
75671,c91beaad-ae3b-4740-8f0c-71a9f99f51cb,Steglitz-Zehlendorf,NotSafe,"604,4213888468558"
75672,9a211a52-457c-47fe-8a24-370137744c72,Spandau,NotSafe,"6668,2715257031505"
75709,bdfd20f7-b9b5-4379-9417-630bdb16a41c,Steglitz-Zehlendorf,NotSafe,"6319,423156989174"
75756,dc5d9652-88e9-4c42-83ec-8f20e1206bae,Steglitz-Zehlendorf,NotSafe,"3431,941329688245"
75834,3688339d-a822-422d-a6a0-34cb0727493c,Spandau,NotSafe,"3320,5199618734996"
75914,dc5d9652-88e9-4c42-83ec-8f20e1206bae,Steglitz-Zehlendorf,NotSafe,"3496,86180282544"
75982,dc5d9652-88e9-4c42-83ec-8f20e1206bae,Steglitz-Zehlendorf,NotSafe,"1925,1818210520696"
75983,dc5d9652-88e9-4c42-83ec-8f20e1206bae,Steglitz-Zehlendorf,NotSafe,"1925,1818210520696"
75984,dc5d9652-88e9-4c42-83ec-8f20e1206bae,Steglitz-Zehlendorf,NotSafe,"1925,1818210520696"
75985,dc5d9652-88e9-4c42-83ec-8f20e1206bae,Steglitz-Zehlendorf,NotSafe,"1925,1818210520696"
75986,dc5d9652-88e9-4c42-83ec-8f20e1206bae,Steglitz-Zehlendorf,NotSafe,"1925,1818210520696"
76024,ddd4c906-1529-4596-9203-013d2a9a65a0,Mitte,Safe,"1614,4614980612223"
76369,e71b27c7-20f6-4c1b-8fc5-b80e2cb46bb9,Friedrichshain-Kreuzberg,RatherSafe,"1651,0693830723374"
76443,5a0a066f-48a2-4ecf-b3a4-f8689a161436,Marzahn-Hellersdorf,NotSafe,"3490,6926530272713"
76479,97027181-f0d2-4b9f-9c42-b875e8d7da95,Friedrichshain-Kreuzberg,RatherSafe,"2078,541325253307"
76642,52a359a1-2365-4b68-be62-23e6140a0802,Neukölln,Safe,"2187,3226917242437"
76798,98cd519b-aae6-40e0-a913-97339c710152,Steglitz-Zehlendorf,NotSafe,"2733,964864773283"
76799,98cd519b-aae6-40e0-a913-97339c710152,Steglitz-Zehlendorf,NotSafe,"3403,7237750498243"
76826,98cd519b-aae6-40e0-a913-97339c710152,Steglitz-Zehlendorf,NotSafe,"3415,3537774178644"
76919,d3b2e26d-90eb-4cb3-a6be-ace17282c216,Steglitz-Zehlendorf,NotSafe,"1141,5317407480036"
76947,afd0d85b-5f5e-4b9d-b370-f0f73017214d,Steglitz-Zehlendorf,NotSafe,"3445,1327415695496"
77382,29f89c61-bca8-4123-b3e5-3ba9503a5d93,Friedrichshain-Kreuzberg,RatherSafe,"2326,5593482166687"
77383,2812e506-e254-445a-af34-cb850b2b87df,Pankow,Safe,"1535,316725906"
77531,3650f852-10cc-4327-84ad-cb160f8474d5,Steglitz-Zehlendorf,NotSafe,"7277,5436573031975"
77794,8756dcf4-2ef7-42ef-94c2-e501f9fd5051,Reinickendorf,RatherSafe,"7552,341528714532"
77871,98cd519b-aae6-40e0-a913-97339c710152,Steglitz-Zehlendorf,NotSafe,"3379,6970900309275"
77897,92fddffc-b4f6-4f79-bece-15cfe080a2b4,Tempelhof-Schöneberg,NotSafe,"3245,969412666537"
78060,2eaa7f57-a043-4019-932b-3c301a2a08a9,Spandau,NotSafe,"2290,6221828639236"
78120,4962784f-a312-4e66-ba0e-2ed73d812d57,Spandau,NotSafe,"8167,914596725627"
78146,df835e56-84e9-4a85-8fbc-a74818017453,Tempelhof-Schöneberg,NotSafe,"4358,409295208447"
78408,5fc2e3c8-2593-4e16-bea6-53a70fd76c82,Mitte,Safe,"2116,5589397793087"
78434,42237069-cc11-43ad-90de-7b0adc624b79,Neukölln,Safe,"3929,572694047692"
78469,d0de5e73-fe93-496c-9704-7cce5ebc13c6,Spandau,NotSafe,"3160,7482347868413"
78523,01ec33a7-2138-4c2c-8fbb-3f47f221714b,Tempelhof-Schöneberg,NotSafe,"2807,139384522115"
78625,def0aced-ce69-4c7f-876d-0a396d599bd5,Charlottenburg-Wilmersdorf,RatherSafe,"744,318985664882"
78692,8d04cdfc-9090-47b6-b00b-e6c733930acd,Steglitz-Zehlendorf,NotSafe,"3337,0469609708084"
79013,8d04cdfc-9090-47b6-b00b-e6c733930acd,Steglitz-Zehlendorf,NotSafe,"1245,3176073841696"
79145,9e899663-4b45-492e-a8b5-f07252923cc3,Spandau,NotSafe,"3550,7907394396443"
79208,3f7013a6-f522-4414-ab9a-0b72ae654f98,Charlottenburg-Wilmersdorf,RatherSafe,"3541,4109734513772"
79288,1ea4fac4-2437-4fad-93f3-8bfbf84189cc,Marzahn-Hellersdorf,NotSafe,"2238,096952413147"
79453,7f3dea61-1cff-4378-af80-b3b78eb809e0,Tempelhof-Schöneberg,NotSafe,"3556,493788092106"
79480,83ab3b9a-ef55-4cfa-a154-9872fd093b55,Marzahn-Hellersdorf,NotSafe,"2809,094214848589"
79640,7f3dea61-1cff-4378-af80-b3b78eb809e0,Tempelhof-Schöneberg,NotSafe,"3504,6589251505734"
79733,164d2e0a-a212-4632-a9d4-1642bbd6c029,Charlottenburg-Wilmersdorf,RatherSafe,"2499,490997290147"
79734,0d9ce152-e7eb-4c80-b097-e83e60f66528,Spandau,NotSafe,"5425,899061080949"
79847,3d87fe34-e272-4608-a9b2-658e1bad9add,Spandau,NotSafe,"3541,898185127811"
79848,df43064e-b61a-459d-8a11-4dbb0dd3eb1d,Tempelhof-Schöneberg,NotSafe,"4415,288731372803"
80087,eeffe518-0eec-4c7e-a60d-3537d9aedff0,Charlottenburg-Wilmersdorf,RatherSafe,"5948,013675205955"
80198,11471a59-1765-418a-8419-92cf5db8bbf1,Tempelhof-Schöneberg,NotSafe,"7058,917722816956"
80287,3c5c52cb-0b9f-45c7-9669-019272dae8f8,Steglitz-Zehlendorf,NotSafe,"2271,507683027112"
80288,c57f1d6d-aad5-41ff-9945-065d54be4885,Tempelhof-Schöneberg,NotSafe,"2487,03278386715"
80315,25fa2607-4e84-447f-aba2-152adaa1b869,Friedrichshain-Kreuzberg,RatherSafe,"4529,343302484989"
80389,2b58f732-fce9-4517-86ec-f028293fecf4,Friedrichshain-Kreuzberg,RatherSafe,"730,9519253211635"
80507,57feac9b-d45f-4f13-b035-686805382a82,Friedrichshain-Kreuzberg,RatherSafe,"2655,9470641518988"
80585,d728883e-c239-43a7-9527-d96804bdffa9,Reinickendorf,RatherSafe,"3088,365589224698"
80678,bf3ab304-0cf0-4d82-881c-dfc7cb7facf8,Pankow,Safe,"1394,8967405969806"
80845,05d0d8ec-1647-4155-af48-c9265bec4c79,Reinickendorf,RatherSafe,"5269,443465395127"
80879,d56fc230-97a1-4f2a-8e20-642e2f5a94c2,Steglitz-Zehlendorf,NotSafe,"3222,0825013818035"
81039,08cf5982-26ab-4f5d-972e-a68291b20faf,Lichtenberg,RatherSafe,"4372,934965593517"
81064,ebc054a6-89a7-4fa7-a524-492af58caeb0,Lichtenberg,RatherSafe,"10141,903346234552"
81164,e62680d5-51d2-4366-bff1-20c5d3cda5d6,Spandau,NotSafe,"5405,358647045646"
81242,3d87fe34-e272-4608-a9b2-658e1bad9add,Spandau,NotSafe,"3500,284736505699"
81325,a85fda5a-df30-494d-abbf-5c066297d914,Charlottenburg-Wilmersdorf,RatherSafe,"2389,313371391954"
81364,6c12353e-d9b4-4486-85ea-169f37201d38,Mitte,Safe,"1127,3005911921855"
81365,3f16ad9c-276a-466d-9682-44edf8ee9ba9,Steglitz-Zehlendorf,NotSafe,"1707,9301501847947"
81417,03596ac2-0ba2-4354-b47b-d5d329c26dbc,Charlottenburg-Wilmersdorf,RatherSafe,"4400,965116977614"
81470,56806e50-dbc0-4960-83d9-32779fc11762,Steglitz-Zehlendorf,NotSafe,"3475,239304567609"
81471,56806e50-dbc0-4960-83d9-32779fc11762,Steglitz-Zehlendorf,NotSafe,"2765,834125048213"
81521,32a91604-1cd6-40e2-b2e8-804a4079a4fc,Marzahn-Hellersdorf,NotSafe,"2153,2834056228667"
81633,56806e50-dbc0-4960-83d9-32779fc11762,Steglitz-Zehlendorf,NotSafe,"453,5635702189254"
81634,56806e50-dbc0-4960-83d9-32779fc11762,Steglitz-Zehlendorf,NotSafe,"453,5635702189254"
81634,56806e50-dbc0-4960-83d9-32779fc11762,Steglitz-Zehlendorf,NotSafe,"453,5635702189254"
81636,56806e50-dbc0-4960-83d9-32779fc11762,Steglitz-Zehlendorf,NotSafe,"453,5635702189254"
81637,56806e50-dbc0-4960-83d9-32779fc11762,Steglitz-Zehlendorf,NotSafe,"453,5635702189254"
81725,03efb199-aecc-4508-9ed4-daa2628fe7da,Tempelhof-Schöneberg,NotSafe,"722,9239115664294"
82029,1ae5c66a-e940-435e-8f1d-67c7ca925a8d,Marzahn-Hellersdorf,NotSafe,"2757,0363430879834"
82401,34bc296f-7a9d-47c2-8729-01e85de3f1b4,Spandau,NotSafe,"1768,5344181837313"
82434,082d4738-a112-4da5-a933-3b3592d6ba64,Tempelhof-Schöneberg,NotSafe,"6803,297354263927"
82537,55c4120d-a741-48f5-8f5d-74815f012605,Charlottenburg-Wilmersdorf,RatherSafe,"3319,1496280701563"
82537,55c4120d-a741-48f5-8f5d-74815f012605,Charlottenburg-Wilmersdorf,RatherSafe,"3018,2108509916984"
82539,55c4120d-a741-48f5-8f5d-74815f012605,Charlottenburg-Wilmersdorf,RatherSafe,"3501,522428596532"
82707,afd0d85b-5f5e-4b9d-b370-f0f73017214d,Steglitz-Zehlendorf,NotSafe,"3401,5226817180624"
83021,a1f823ed-c070-4280-b990-51b84665f7f3,Tempelhof-Schöneberg,NotSafe,"2792,2561633085934"
83160,de4040a6-fbcb-4639-a19b-e4a95228f86e,Marzahn-Hellersdorf,NotSafe,"3463,644852694768"
83492,de4040a6-fbcb-4639-a19b-e4a95228f86e,Marzahn-Hellersdorf,NotSafe,"3263,7896563300164"
83645,d1ba45a9-bfdb-42bc-b1f7-0b0a137cc0cd,Tempelhof-Schöneberg,NotSafe,"3561,875600103302"
83715,d9f45e1b-c8fd-42b1-989b-f08384aded5d,Mitte,Safe,"2398,14390130243"
83947,91a6418a-4bf8-465a-9c5e-d4447a002fec,Neukölln,Safe,"2483,0693720318345"
84109,45402229-8337-4398-ba7f-d404cdbfe229,Tempelhof-Schöneberg,NotSafe,"1121,8891720982444"
84484,83dd5a46-43e9-452c-a8b6-ef18fced0342,Friedrichshain-Kreuzberg,RatherSafe,"2298,162682424177"
84626,57b55840-da96-435f-9be9-18a0661401de,Tempelhof-Schöneberg,NotSafe,"2995,1444698102982"
84849,d2bd1a7f-52de-424f-851d-0cfebba16614,Charlottenburg-Wilmersdorf,RatherSafe,"2495,2401924609403"
84913,5ee04a81-9158-41c2-b2d5-dc7bb27891c4,Steglitz-Zehlendorf,NotSafe,"6151,426692110714"
85203,e52aea62-c309-401e-aa46-b30b8ab48c6b,Spandau,NotSafe,"5281,416749825307"
85245,5b8f3345-031f-4dca-b3bb-f421b6373c43,Friedrichshain-Kreuzberg,RatherSafe,"1475,580626774042"
85557,ca664272-2c54-4678-a5b8-ffe9fc3eb600,Spandau,NotSafe,"2052,4393498300187"
85594,d93129b8-e9d4-449e-b7ea-940266c24025,Neukölln,Safe,"1426,0232772638465"
85646,d790fd61-3789-44b9-8a20-d2b7be18bee5,Spandau,NotSafe,"3652,3016911236136"
85721,6d1d59a4-ae7a-401b-86ce-273d27756c14,Tempelhof-Schöneberg,NotSafe,"5186,197190062257"
85756,4766acfe-f95a-4568-ae04-51cd81f20809,Tempelhof-Schöneberg,NotSafe,"3497,565838965215"
85757,4766acfe-f95a-4568-ae04-51cd81f20809,Tempelhof-Schöneberg,NotSafe,"3396,4146639317514"
85758,4766acfe-f95a-4568-ae04-51cd81f20809,Tempelhof-Schöneberg,NotSafe,"3540,3745795812483"
85759,4766acfe-f95a-4568-ae04-51cd81f20809,Tempelhof-Schöneberg,NotSafe,"2886,6874416771293"
85796,6321ec5f-0844-4a47-a1f4-8a963164a2c6,Steglitz-Zehlendorf,NotSafe,"1346,937738402374"
85858,6bdfbea5-9724-4261-8038-fe1d30267d00,Spandau,NotSafe,"7609,039215147748"
85979,b1b82071-4e68-4dc1-8116-6f5d34988f82,Charlottenburg-Wilmersdorf,RatherSafe,"2647,678118551542"
86079,ce785f08-ef05-46fd-8ffb-d455a0ec03f6,Steglitz-Zehlendorf,NotSafe,"9282,39907034558"
86133,8e0273c0-45a7-47f2-8d90-c8ea00c4d716,Spandau,NotSafe,"3483,3362495252045"
