simulationTime[s],firingID,districtName,districtSafetyLevel,generallyRequiredPatrols,solvingPatrols,reachingPatrols(including 'called'),calledPatrols,totalDistanceOfCalledPatrols,isNight,City,simulationTime[h]
3463,4b1dc596-ef3f-4983-ad3f-8b7da6d49c0d,Zwierzyniec,RatherSafe,4,1,1,1,2.324854938894625,0,Krakow,0.9619444444444445
3496,4b1dc596-ef3f-4983-ad3f-8b7da6d49c0d,Zwierzyniec,RatherSafe,4,1,2,1,3.522223605738871,0,Krakow,0.9711111111111111
3571,4b1dc596-ef3f-4983-ad3f-8b7da6d49c0d,Zwierzyniec,RatherSafe,4,1,3,1,2.822932549676245,0,Krakow,0.9919444444444444
3642,ed943c42-b4f3-4308-86f3-3648664800e9,Czyżyny,RatherSafe,2,1,1,1,1.4186789069425683,0,Krakow,1.0116666666666667
3825,299c1bda-f826-4eb2-a164-b1fe1288cf52,Stare Miasto,NotSafe,3,1,4,4,2.7166819275248346,0,Krakow,1.0625
4239,37f2afe0-8c61-4691-b8c5-a3d18a1c03dc,Grzegórzki,RatherSafe,2,1,3,3,4.821279454118521,0,Krakow,1.1775
5110,9937e199-8a6c-4fe5-b9ad-a671530ed336,Zwierzyniec,RatherSafe,4,1,1,1,1.1319089562677849,0,Krakow,1.4194444444444445
5167,9937e199-8a6c-4fe5-b9ad-a671530ed336,Zwierzyniec,RatherSafe,4,1,2,1,2.2264555595455207,0,Krakow,1.4352777777777779
5350,b1539c76-0225-4bac-a426-2938f2fc3a62,Dębniki,NotSafe,6,1,1,1,1.699643808650972,0,Krakow,1.4861111111111112
5351,b1539c76-0225-4bac-a426-2938f2fc3a62,Dębniki,NotSafe,6,1,2,1,2.549330839074975,0,Krakow,1.486388888888889
5481,b1539c76-0225-4bac-a426-2938f2fc3a62,Dębniki,NotSafe,6,1,3,1,3.4582247863351894,0,Krakow,1.5225
5535,b1539c76-0225-4bac-a426-2938f2fc3a62,Dębniki,NotSafe,6,2,3,1,3.51189424914525,0,Krakow,1.5375
5640,b1539c76-0225-4bac-a426-2938f2fc3a62,Dębniki,NotSafe,6,3,3,1,3.592068061941462,0,Krakow,1.5666666666666667
5699,08c1cb2b-9cc0-4ed4-af95-ccab64e6fa8d,Stare Miasto,NotSafe,3,1,2,2,6.191236357869697,0,Krakow,1.5830555555555557
5845,9937e199-8a6c-4fe5-b9ad-a671530ed336,Zwierzyniec,RatherSafe,4,3,1,1,3.478414298312499,0,Krakow,1.6236111111111111
8494,12c547b3-fe44-4396-85a2-ae5ca9ad1a66,Nowa Huta,NotSafe,5,1,1,1,3.5489926122248066,0,Krakow,2.3594444444444442
8655,cae05774-a872-4f8c-b317-da703410c28f,Bronowice,NotSafe,5,1,5,5,9.80804552359535,0,Krakow,2.404166666666667
9176,a10f26d8-6be9-43b1-aafd-7cb1d9b81211,Podgórze Duchackie,NotSafe,2,1,2,2,1.961491457673635,0,Krakow,2.548888888888889
9340,12c547b3-fe44-4396-85a2-ae5ca9ad1a66,Nowa Huta,NotSafe,5,2,1,1,3.599949669993888,0,Krakow,2.5944444444444446
9418,57e05b94-3876-42a8-a525-c0f2a45e0855,Czyżyny,RatherSafe,2,1,2,2,0.8914094806084859,0,Krakow,2.616111111111111
9905,f6d5fd6b-ed53-4da7-9a6e-571b18b4cf70,Stare Miasto,NotSafe,5,1,1,1,1.5158027180004772,0,Krakow,2.751388888888889
9908,f6d5fd6b-ed53-4da7-9a6e-571b18b4cf70,Stare Miasto,NotSafe,5,1,3,2,6.467191879233644,0,Krakow,2.752222222222222
9909,f6d5fd6b-ed53-4da7-9a6e-571b18b4cf70,Stare Miasto,NotSafe,5,1,4,1,1.7842841886686704,0,Krakow,2.7525
10356,12c547b3-fe44-4396-85a2-ae5ca9ad1a66,Nowa Huta,NotSafe,5,3,1,1,3.2612901034470196,0,Krakow,2.8766666666666665
10530,12c547b3-fe44-4396-85a2-ae5ca9ad1a66,Nowa Huta,NotSafe,5,3,2,1,3.5189080107892825,0,Krakow,2.925
10831,af81c15d-2421-4056-844f-abd03d034b44,Prądnik Czerwony,RatherSafe,4,1,1,1,0.853096344025863,0,Krakow,3.008611111111111
10833,af81c15d-2421-4056-844f-abd03d034b44,Prądnik Czerwony,RatherSafe,4,1,2,1,3.4480076400292146,0,Krakow,3.0091666666666668
10834,af81c15d-2421-4056-844f-abd03d034b44,Prądnik Czerwony,RatherSafe,4,1,3,1,2.22245241655614,0,Krakow,3.0094444444444446
12163,ac983344-f5d3-4d11-8a94-3115a3f2fa49,Grzegórzki,RatherSafe,3,1,1,1,0.7927643357155272,0,Krakow,3.3786111111111112
12165,ac983344-f5d3-4d11-8a94-3115a3f2fa49,Grzegórzki,RatherSafe,3,1,3,2,5.150127034444591,0,Krakow,3.379166666666667
13148,12c547b3-fe44-4396-85a2-ae5ca9ad1a66,Nowa Huta,NotSafe,5,4,1,1,3.5294275080728372,0,Krakow,3.652222222222222
15434,1a63b14b-84ef-498d-9a06-6aa45ae09c75,Stare Miasto,NotSafe,2,1,2,2,4.127316823958885,0,Krakow,4.287222222222222
15436,3fd738c2-8a16-4a0a-be77-9ce3d1519ed3,Podgórze Duchackie,NotSafe,3,1,1,1,1.1844661235060518,0,Krakow,4.2877777777777775
15470,3fd738c2-8a16-4a0a-be77-9ce3d1519ed3,Podgórze Duchackie,NotSafe,3,1,7,6,12.123841244577683,0,Krakow,4.2972222222222225
16678,e47fd21c-f93b-4993-aeea-77f419e72cb8,Podgórze Duchackie,NotSafe,4,1,1,1,0.7684668959802663,0,Krakow,4.632777777777778
16681,e47fd21c-f93b-4993-aeea-77f419e72cb8,Podgórze Duchackie,NotSafe,4,1,3,2,3.7032657799615802,0,Krakow,4.633611111111111
17823,1771d0f6-fed5-4f85-a5c3-c9760edeaa5d,Grzegórzki,RatherSafe,3,1,2,2,3.5119817833403966,0,Krakow,4.950833333333334
20265,ccd11071-f361-4a8d-8af5-72b8c4daa8ce,Czyżyny,RatherSafe,3,1,3,3,5.911475939051112,0,Krakow,5.629166666666666
22431,8dfdda34-aac8-45f7-bc90-59d3297765e9,Stare Miasto,NotSafe,6,1,2,2,0.31059578113429853,0,Krakow,6.230833333333333
22434,8dfdda34-aac8-45f7-bc90-59d3297765e9,Stare Miasto,NotSafe,6,1,5,3,5.263169700398013,0,Krakow,6.2316666666666665
24079,1c8666d2-38ff-483a-98cf-1b62a72d7706,Grzegórzki,RatherSafe,5,1,2,2,1.1151837260622028,0,Krakow,6.688611111111111
24081,1c8666d2-38ff-483a-98cf-1b62a72d7706,Grzegórzki,RatherSafe,5,1,3,1,2.882530500933435,0,Krakow,6.689166666666667
24111,1c8666d2-38ff-483a-98cf-1b62a72d7706,Grzegórzki,RatherSafe,5,1,4,1,1.6716125476854466,0,Krakow,6.6975
25218,89d1e3ef-97cb-4c17-ad6f-6fcc9b8f4501,Bronowice,NotSafe,6,1,2,2,5.1774300685970776,0,Krakow,7.005
25220,89d1e3ef-97cb-4c17-ad6f-6fcc9b8f4501,Bronowice,NotSafe,6,1,3,1,2.9980123281360505,0,Krakow,7.0055555555555555
25465,89d1e3ef-97cb-4c17-ad6f-6fcc9b8f4501,Bronowice,NotSafe,6,4,1,1,3.49530758705992,0,Krakow,7.073611111111111
25466,ddacae0e-c720-4fb8-b31a-d59db50ef942,Dębniki,NotSafe,6,1,1,1,1.1845904175757658,0,Krakow,7.073888888888889
25467,ddacae0e-c720-4fb8-b31a-d59db50ef942,Dębniki,NotSafe,6,1,2,1,2.2904476495470396,0,Krakow,7.074166666666667
25471,ddacae0e-c720-4fb8-b31a-d59db50ef942,Dębniki,NotSafe,6,1,5,3,9.385680517622264,0,Krakow,7.075277777777778
25498,89d1e3ef-97cb-4c17-ad6f-6fcc9b8f4501,Bronowice,NotSafe,6,4,2,1,3.470226360261968,0,Krakow,7.082777777777777
25829,fec48ef6-9241-4faf-b6b2-ff72b3f23ade,Podgórze Duchackie,NotSafe,5,1,1,1,2.0555601448135534,0,Krakow,7.174722222222222
25832,fec48ef6-9241-4faf-b6b2-ff72b3f23ade,Podgórze Duchackie,NotSafe,5,1,4,3,9.125322031137673,0,Krakow,7.1755555555555555
27911,be5adf17-fffd-42ef-96a6-902b4b266449,Bronowice,NotSafe,4,1,3,3,8.63471475618664,0,Krakow,7.753055555555555
29657,26589b80-fa78-45f6-a9ff-08e1b0a3b07f,Prądnik Czerwony,RatherSafe,4,1,3,3,5.984339353096652,0,Krakow,8.238055555555556
32265,186151cf-94a2-4169-863c-92ca84b82fe7,Łagiewniki-Borek Fałęcki,RatherSafe,4,1,3,3,6.262287579332316,0,Krakow,8.9625
32460,d788a58f-44f3-40d8-9f29-3da99cc6afa5,Nowa Huta,NotSafe,5,1,1,1,0.9466344053409789,0,Krakow,9.016666666666667
32461,d788a58f-44f3-40d8-9f29-3da99cc6afa5,Nowa Huta,NotSafe,5,1,2,1,1.5040279152974512,0,Krakow,9.016944444444444
32464,d788a58f-44f3-40d8-9f29-3da99cc6afa5,Nowa Huta,NotSafe,5,1,4,2,6.808753118952852,0,Krakow,9.017777777777777
35316,219a9e34-c9ad-4851-ac52-610d8cda41ac,Podgórze,Safe,3,1,2,2,1.3339013985981325,0,Krakow,9.81
36037,4ce4bd50-4ff0-4d29-bf55-c1ecaf63ee2d,Prądnik Czerwony,RatherSafe,3,1,3,3,6.176598310974394,0,Krakow,10.010277777777778
38152,06e188f0-e33b-47c3-8813-4eb489f452da,Grzegórzki,RatherSafe,3,1,1,1,1.0856998513612541,0,Krakow,10.597777777777777
38152,06e188f0-e33b-47c3-8813-4eb489f452da,Grzegórzki,RatherSafe,3,1,2,1,0.7534566820322509,0,Krakow,10.597777777777777
38970,eba992ea-85a6-41d7-a292-f638ea521252,Nowa Huta,NotSafe,3,1,2,2,3.4027251405939003,0,Krakow,10.825
40287,086f26f9-eb19-48c3-a1c3-10b36b6b7e55,Stare Miasto,NotSafe,5,1,1,1,0.17555803522698576,0,Krakow,11.190833333333334
40295,086f26f9-eb19-48c3-a1c3-10b36b6b7e55,Stare Miasto,NotSafe,5,1,8,7,12.022088712761917,0,Krakow,11.193055555555556
40526,4aec0d65-f1a1-45dd-9f2c-8d9a5f8387a0,Czyżyny,RatherSafe,5,1,2,2,4.3352463328947115,0,Krakow,11.257222222222222
40527,4aec0d65-f1a1-45dd-9f2c-8d9a5f8387a0,Czyżyny,RatherSafe,5,1,3,1,0.23342404269539244,0,Krakow,11.2575
40556,4aec0d65-f1a1-45dd-9f2c-8d9a5f8387a0,Czyżyny,RatherSafe,5,1,4,1,2.3530224397102617,0,Krakow,11.265555555555556
41067,122142a6-3704-4a0a-90b3-db7baef68ef1,Podgórze Duchackie,NotSafe,4,1,2,2,1.639048644472451,0,Krakow,11.4075
41101,122142a6-3704-4a0a-90b3-db7baef68ef1,Podgórze Duchackie,NotSafe,4,1,3,1,1.5408875537245097,0,Krakow,11.416944444444445
41440,99161c8c-89ff-47f6-bbf8-a5330764376c,Łagiewniki-Borek Fałęcki,RatherSafe,3,1,1,1,1.3213996789690516,0,Krakow,11.511111111111111
41471,99161c8c-89ff-47f6-bbf8-a5330764376c,Łagiewniki-Borek Fałęcki,RatherSafe,3,1,2,1,2.9695604312669457,0,Krakow,11.519722222222223
41499,dc088d4a-96e2-4204-9360-a83087a0ba92,Prądnik Czerwony,RatherSafe,4,1,1,1,1.5493347013062508,0,Krakow,11.5275
41527,dc088d4a-96e2-4204-9360-a83087a0ba92,Prądnik Czerwony,RatherSafe,4,1,2,1,3.4405989026218045,0,Krakow,11.535277777777777
41846,dc088d4a-96e2-4204-9360-a83087a0ba92,Prądnik Czerwony,RatherSafe,4,3,1,1,3.54067050142799,0,Krakow,11.623888888888889
42536,0d07d279-6277-432a-af98-3e45f866f3df,Nowa Huta,NotSafe,6,1,1,1,0.9633934725477945,0,Krakow,11.815555555555555
42669,dc077165-4138-4808-b417-955620033188,Bieńczyce,RatherSafe,5,1,1,1,1.6727902323984418,0,Krakow,11.8525
42670,dc077165-4138-4808-b417-955620033188,Bieńczyce,RatherSafe,5,1,2,1,3.297656611988578,0,Krakow,11.852777777777778
42724,373f53c7-b34a-46e6-a502-fc2be8dd22ee,Podgórze Duchackie,NotSafe,2,1,1,1,2.768610710414492,0,Krakow,11.867777777777778
43016,dc077165-4138-4808-b417-955620033188,Bieńczyce,RatherSafe,5,3,1,1,3.3647131487025375,0,Krakow,11.948888888888888
43049,dc077165-4138-4808-b417-955620033188,Bieńczyce,RatherSafe,5,3,2,1,3.577116017502953,0,Krakow,11.958055555555555
43570,0d07d279-6277-432a-af98-3e45f866f3df,Nowa Huta,NotSafe,6,2,1,1,3.370659477129872,0,Krakow,12.102777777777778
45140,0d07d279-6277-432a-af98-3e45f866f3df,Nowa Huta,NotSafe,6,3,1,1,3.4252367121687324,0,Krakow,12.53888888888889
45459,5676ac2e-e001-41ff-a746-d0212b446614,Zwierzyniec,RatherSafe,2,1,1,1,3.5812243237847095,0,Krakow,12.6275
45718,3fa6a294-66c2-4c55-8bc9-125c2eb31c6c,Zwierzyniec,RatherSafe,3,1,1,1,3.491164607606596,0,Krakow,12.699444444444444
45772,3fa6a294-66c2-4c55-8bc9-125c2eb31c6c,Zwierzyniec,RatherSafe,3,1,2,1,2.7885340363913427,0,Krakow,12.714444444444444
46195,67a569fd-3bcc-4c85-8894-469a4083b966,Bronowice,NotSafe,3,1,3,3,10.068239441773377,0,Krakow,12.831944444444444
47756,4bdb9f5f-395d-4702-aed2-a77de43ca03d,Podgórze Duchackie,NotSafe,3,1,3,3,2.076838583432056,0,Krakow,13.265555555555556
48852,d048f4dc-e185-4e96-983c-5f3e2919947a,Prądnik Biały,Safe,3,1,1,1,3.4220095708006877,0,Krakow,13.57
49038,d048f4dc-e185-4e96-983c-5f3e2919947a,Prądnik Biały,Safe,3,1,2,1,3.495849897060635,0,Krakow,13.621666666666666
50260,e6cb22c7-cf0e-4e73-b5ca-b66e2facbef2,Prądnik Czerwony,RatherSafe,5,1,2,2,3.522127306811915,0,Krakow,13.96111111111111
50296,e6cb22c7-cf0e-4e73-b5ca-b66e2facbef2,Prądnik Czerwony,RatherSafe,5,1,8,6,17.265047508019745,0,Krakow,13.971111111111112
52065,01ae6a96-56f6-4bdf-a99b-4e748ef84920,Zwierzyniec,RatherSafe,2,1,3,3,5.795875981067505,0,Krakow,14.4625
52685,4a6647b5-b57d-462f-8ae0-eb4f46059bd8,Mistrzejowice,RatherSafe,2,1,1,1,1.522022796282356,0,Krakow,14.634722222222223
53826,83671684-25c4-41cd-b245-337f5225148f,Bronowice,NotSafe,4,1,3,3,9.653922294052448,0,Krakow,14.951666666666666
56123,66efe481-4adc-40a6-a8df-bcecad3d1a8e,Mistrzejowice,RatherSafe,5,1,1,1,1.4641003447950003,0,Krakow,15.589722222222223
56125,66efe481-4adc-40a6-a8df-bcecad3d1a8e,Mistrzejowice,RatherSafe,5,1,3,2,5.987523936955927,0,Krakow,15.590277777777779
56209,66efe481-4adc-40a6-a8df-bcecad3d1a8e,Mistrzejowice,RatherSafe,5,1,4,1,3.3974883645045084,0,Krakow,15.613611111111112
58982,4452a90b-ca4e-46fa-899e-7556b687d902,Bieżanów-Prokocim,Safe,3,1,2,2,1.5905569796919516,1,Krakow,16.38388888888889
59593,5b05b9a1-b3f4-4245-8eae-ce2adf32d647,Podgórze Duchackie,NotSafe,6,1,3,3,5.917658239675595,1,Krakow,16.55361111111111
59624,5b05b9a1-b3f4-4245-8eae-ce2adf32d647,Podgórze Duchackie,NotSafe,6,1,5,2,6.390624974970859,1,Krakow,16.56222222222222
60977,19d2547c-861a-474e-bffa-23f451e3cdb6,Grzegórzki,RatherSafe,2,1,1,1,0.6184534215232201,1,Krakow,16.938055555555554
62198,731a9b59-eef0-4e33-a5a3-a18199905f84,Grzegórzki,RatherSafe,3,1,3,3,1.8482242808623373,1,Krakow,17.27722222222222
62535,d94522c9-214e-4136-b896-c523a535ef08,Dębniki,NotSafe,5,1,1,1,1.5107647892745022,1,Krakow,17.370833333333334
62537,d94522c9-214e-4136-b896-c523a535ef08,Dębniki,NotSafe,5,1,2,1,2.8500825401280783,1,Krakow,17.371388888888887
62860,d94522c9-214e-4136-b896-c523a535ef08,Dębniki,NotSafe,5,3,1,1,3.5468968574846396,1,Krakow,17.461111111111112
62861,1f23d8bc-e070-480c-915f-8da3eb664137,Nowa Huta,NotSafe,2,1,1,1,2.7262275555223603,1,Krakow,17.461388888888887
62894,d94522c9-214e-4136-b896-c523a535ef08,Dębniki,NotSafe,5,3,3,2,7.0408166222479265,1,Krakow,17.470555555555556
63532,cf15fd27-be6e-406a-b8a9-21dca0a4134d,Stare Miasto,NotSafe,3,1,2,2,1.4155002710913474,1,Krakow,17.647777777777776
63535,d040d5e6-9096-424a-a6a4-e15608a2a6c4,Bronowice,NotSafe,6,1,3,3,9.242021169490904,1,Krakow,17.648611111111112
63784,d040d5e6-9096-424a-a6a4-e15608a2a6c4,Bronowice,NotSafe,6,4,1,1,3.373780773390179,1,Krakow,17.717777777777776
63893,d040d5e6-9096-424a-a6a4-e15608a2a6c4,Bronowice,NotSafe,6,4,2,1,3.55317911190632,1,Krakow,17.748055555555556
63894,6ebb2b73-f0ca-43aa-ab31-23725bb48ada,Podgórze Duchackie,NotSafe,3,1,1,1,2.2695185772833657,1,Krakow,17.748333333333335
63929,6ebb2b73-f0ca-43aa-ab31-23725bb48ada,Podgórze Duchackie,NotSafe,3,1,5,4,12.551456378845124,1,Krakow,17.758055555555554
64622,c594eb57-6b88-419f-a61f-727e013ce978,Krowodrza,RatherSafe,4,1,1,1,3.077297397937717,1,Krakow,17.950555555555557
64625,c594eb57-6b88-419f-a61f-727e013ce978,Krowodrza,RatherSafe,4,1,3,2,3.2292043831352806,1,Krakow,17.95138888888889
64879,24f83730-727f-41f8-b642-9bc3afee44f7,Nowa Huta,NotSafe,6,1,1,1,1.0608875778070226,1,Krakow,18.021944444444443
64880,24f83730-727f-41f8-b642-9bc3afee44f7,Nowa Huta,NotSafe,6,1,2,1,2.201462401563644,1,Krakow,18.022222222222222
64881,24f83730-727f-41f8-b642-9bc3afee44f7,Nowa Huta,NotSafe,6,1,3,1,1.893071704566756,1,Krakow,18.0225
65209,24f83730-727f-41f8-b642-9bc3afee44f7,Nowa Huta,NotSafe,6,4,1,1,3.4223724895520067,1,Krakow,18.113611111111112
65236,24f83730-727f-41f8-b642-9bc3afee44f7,Nowa Huta,NotSafe,6,4,2,1,3.4453849686975317,1,Krakow,18.121111111111112
66023,b774164b-d742-4690-a465-2d6e8b2d95fc,Podgórze Duchackie,NotSafe,3,1,1,1,0.8922532243474162,1,Krakow,18.33972222222222
66052,b774164b-d742-4690-a465-2d6e8b2d95fc,Podgórze Duchackie,NotSafe,3,1,2,1,1.4494531107723736,1,Krakow,18.34777777777778
66141,f858656f-f7b9-44d0-ac74-1db63a09ce0d,Podgórze Duchackie,NotSafe,4,1,2,2,3.3074892764846155,1,Krakow,18.3725
66171,f858656f-f7b9-44d0-ac74-1db63a09ce0d,Podgórze Duchackie,NotSafe,4,1,5,3,9.177835137039581,1,Krakow,18.38083333333333
67683,44cfba0f-25d7-48dd-8060-ebdb4543dc12,Wzgórza Krzesławickie,Safe,3,1,1,1,3.4546800696007107,1,Krakow,18.800833333333333
67897,12e1470a-a3f6-44d5-8f74-40e616db913b,Stare Miasto,NotSafe,2,1,1,1,1.0492396844649294,1,Krakow,18.860277777777778
67982,fc72fa84-ad82-45a8-892c-6741498e9e87,Nowa Huta,NotSafe,4,1,4,4,6.033212153478211,1,Krakow,18.88388888888889
69106,44cfba0f-25d7-48dd-8060-ebdb4543dc12,Wzgórza Krzesławickie,Safe,3,2,1,1,3.408400372026993,1,Krakow,19.19611111111111
69107,03939618-53ea-4b8b-9795-aa76645b0211,Zwierzyniec,RatherSafe,2,1,1,1,3.1612282753407808,1,Krakow,19.19638888888889
69718,bc5b4956-139c-4d65-b189-903e34690975,Nowa Huta,NotSafe,5,1,1,1,3.5901496762755905,1,Krakow,19.36611111111111
70292,bc5b4956-139c-4d65-b189-903e34690975,Nowa Huta,NotSafe,5,2,1,1,3.3129750139295853,1,Krakow,19.525555555555556
70483,bc5b4956-139c-4d65-b189-903e34690975,Nowa Huta,NotSafe,5,2,2,1,3.448962914975304,1,Krakow,19.578611111111112
70620,bc5b4956-139c-4d65-b189-903e34690975,Nowa Huta,NotSafe,5,2,3,1,3.3459790516796777,1,Krakow,19.616666666666667
71125,f5d29b49-2fa7-482d-a74d-0385cda1921c,Nowa Huta,NotSafe,4,1,2,2,4.019621372883957,1,Krakow,19.756944444444443
71159,f5d29b49-2fa7-482d-a74d-0385cda1921c,Nowa Huta,NotSafe,4,1,6,4,8.659931330269355,1,Krakow,19.76638888888889
71439,3e845c44-a286-49bd-bf16-a814a9ec4521,Nowa Huta,NotSafe,3,1,1,1,3.59106250105778,1,Krakow,19.844166666666666
71440,52dcb753-c00b-46ea-b180-9468a7c7c966,Nowa Huta,NotSafe,4,1,1,1,0.9798723832634298,1,Krakow,19.844444444444445
71441,52dcb753-c00b-46ea-b180-9468a7c7c966,Nowa Huta,NotSafe,4,1,2,1,3.3533477573475063,1,Krakow,19.844722222222224
71472,52dcb753-c00b-46ea-b180-9468a7c7c966,Nowa Huta,NotSafe,4,1,3,1,2.9643342036980913,1,Krakow,19.85333333333333
71560,3a7082c5-4c05-4a4f-928c-faa01f1665b2,Dębniki,NotSafe,3,1,2,2,6.59616443122189,1,Krakow,19.877777777777776
71618,4293caf7-22c5-4e05-ba9e-9397982bc9e0,Zwierzyniec,RatherSafe,5,1,3,3,9.917696267501826,1,Krakow,19.89388888888889
71646,4293caf7-22c5-4e05-ba9e-9397982bc9e0,Zwierzyniec,RatherSafe,5,1,4,1,3.5856267238822084,1,Krakow,19.901666666666667
71979,7d836ef7-eae3-499b-8913-3f557748d26d,Bronowice,NotSafe,4,1,1,1,3.264018735232675,1,Krakow,19.99416666666667
72060,7d836ef7-eae3-499b-8913-3f557748d26d,Bronowice,NotSafe,4,1,2,1,3.528047652592131,1,Krakow,20.016666666666666
72149,7d836ef7-eae3-499b-8913-3f557748d26d,Bronowice,NotSafe,4,1,3,1,1.5539852836276973,1,Krakow,20.04138888888889
72515,3c1d5ac6-5017-4c0c-bd63-14f8ca57d6c5,Mistrzejowice,RatherSafe,5,1,1,1,1.9481076882854915,1,Krakow,20.143055555555556
72516,3c1d5ac6-5017-4c0c-bd63-14f8ca57d6c5,Mistrzejowice,RatherSafe,5,1,2,1,1.0095536422953995,1,Krakow,20.143333333333334
72655,3c1d5ac6-5017-4c0c-bd63-14f8ca57d6c5,Mistrzejowice,RatherSafe,5,1,3,1,3.47230546915512,1,Krakow,20.181944444444444
72762,3c1d5ac6-5017-4c0c-bd63-14f8ca57d6c5,Mistrzejowice,RatherSafe,5,3,2,1,3.4036618371498846,1,Krakow,20.211666666666666
72867,3e845c44-a286-49bd-bf16-a814a9ec4521,Nowa Huta,NotSafe,3,2,1,1,3.550244688131603,1,Krakow,20.240833333333335
72946,281906e8-4f34-4e81-8348-fdc5b8e2685a,Podgórze Duchackie,NotSafe,3,1,2,2,3.7436345229518184,1,Krakow,20.262777777777778
73627,1bf6f242-d5a6-4971-a51b-2e3c1df8b4fe,Czyżyny,RatherSafe,3,1,2,2,3.435243515660284,1,Krakow,20.451944444444443
74448,52dcb753-c00b-46ea-b180-9468a7c7c966,Nowa Huta,NotSafe,4,3,1,1,3.353500307820564,1,Krakow,20.68
75336,eb91fc55-aa75-4479-978b-babb552ff319,Bronowice,NotSafe,6,1,1,1,3.5705369660168955,1,Krakow,20.926666666666666
75558,eb91fc55-aa75-4479-978b-babb552ff319,Bronowice,NotSafe,6,1,2,1,1.0769473269060852,1,Krakow,20.988333333333333
75634,64957d4e-f057-406b-8f3c-7d7f09eb707c,Mistrzejowice,RatherSafe,3,1,1,1,2.3674946562059276,1,Krakow,21.009444444444444
75636,64957d4e-f057-406b-8f3c-7d7f09eb707c,Mistrzejowice,RatherSafe,3,1,3,2,5.538956935601154,1,Krakow,21.01
75750,b9666786-62c5-46d0-9ab2-ad19562fb75d,Podgórze Duchackie,NotSafe,5,1,1,1,1.8848286184314593,1,Krakow,21.041666666666668
75752,6e0d5a1f-5b1a-4690-99ff-902892245be1,Zwierzyniec,RatherSafe,2,1,2,2,6.591899120411183,1,Krakow,21.04222222222222
75965,eb91fc55-aa75-4479-978b-babb552ff319,Bronowice,NotSafe,6,3,1,1,3.4863920274095364,1,Krakow,21.101388888888888
76105,b9666786-62c5-46d0-9ab2-ad19562fb75d,Podgórze Duchackie,NotSafe,5,2,1,1,3.407981602565354,1,Krakow,21.14027777777778
76159,b9666786-62c5-46d0-9ab2-ad19562fb75d,Podgórze Duchackie,NotSafe,5,2,2,1,1.7515479969446723,1,Krakow,21.155277777777776
76190,eb91fc55-aa75-4479-978b-babb552ff319,Bronowice,NotSafe,6,3,6,5,11.964910196427223,1,Krakow,21.163888888888888
76219,b9666786-62c5-46d0-9ab2-ad19562fb75d,Podgórze Duchackie,NotSafe,5,2,3,1,3.4892556530729704,1,Krakow,21.171944444444446
76705,eed893f3-d550-42a1-9c4a-f74950d0e5b4,Nowa Huta,NotSafe,3,1,1,1,3.404697920708842,1,Krakow,21.306944444444444
76862,198f3e38-9fbe-47ea-9d4c-8e9c65f7ed84,Stare Miasto,NotSafe,4,1,3,3,5.232551835786277,1,Krakow,21.350555555555555
77209,154ca510-6d90-420c-be3b-2b945d5ad5de,Prądnik Czerwony,RatherSafe,2,1,1,1,1.4628327802777938,1,Krakow,21.446944444444444
78133,5f05f394-c6fc-44db-b389-23c42912f779,Bronowice,NotSafe,5,1,5,5,8.4949279492631,1,Krakow,21.703611111111112
78218,df2f7f76-d7d6-44f5-8ac9-c91b07382bf0,Nowa Huta,NotSafe,3,1,1,1,3.584209764146509,1,Krakow,21.727222222222224
78622,e8522a00-457e-41a4-9d69-91a37b538f55,Podgórze Duchackie,NotSafe,2,1,1,1,1.1815313135878664,1,Krakow,21.839444444444446
78624,c37e0bc0-e688-4fdb-8566-f5935317c760,Dębniki,NotSafe,6,1,2,2,3.286494806128073,1,Krakow,21.84
78626,c37e0bc0-e688-4fdb-8566-f5935317c760,Dębniki,NotSafe,6,1,4,2,6.457824330906064,1,Krakow,21.840555555555557
79206,c37e0bc0-e688-4fdb-8566-f5935317c760,Dębniki,NotSafe,6,5,1,1,3.531947589091426,1,Krakow,22.001666666666665
79834,df2f7f76-d7d6-44f5-8ac9-c91b07382bf0,Nowa Huta,NotSafe,3,2,1,1,3.5301928555303257,1,Krakow,22.176111111111112
82587,7122d02f-b920-4aa0-8535-0b01df819428,Prądnik Biały,Safe,4,1,5,5,10.152866767170227,1,Krakow,22.940833333333334
83163,eed893f3-d550-42a1-9c4a-f74950d0e5b4,Nowa Huta,NotSafe,3,2,1,1,0.0,1,Krakow,23.100833333333334
83483,3ac2d96a-cfb3-4365-a499-b384a076efda,Mistrzejowice,RatherSafe,5,1,1,1,1.648868470537885,1,Krakow,23.189722222222223
83485,3ac2d96a-cfb3-4365-a499-b384a076efda,Mistrzejowice,RatherSafe,5,1,3,2,5.716237372876172,1,Krakow,23.190277777777776
83677,3ac2d96a-cfb3-4365-a499-b384a076efda,Mistrzejowice,RatherSafe,5,2,3,1,3.393559559820824,1,Krakow,23.24361111111111
83851,476b57da-d7b6-48f6-bbeb-8cda0799f451,Dębniki,NotSafe,5,1,1,1,0.7696859494988151,1,Krakow,23.291944444444443
83960,476b57da-d7b6-48f6-bbeb-8cda0799f451,Dębniki,NotSafe,5,1,2,1,3.269126460329754,1,Krakow,23.322222222222223
84305,476b57da-d7b6-48f6-bbeb-8cda0799f451,Dębniki,NotSafe,5,2,2,1,3.330001796491824,1,Krakow,23.418055555555554
84558,05df5c4a-30c8-4dd8-8909-ce977868023a,Prądnik Biały,Safe,3,1,2,2,4.417499217841542,1,Krakow,23.488333333333333
84811,e7e1f305-be4d-4e2f-aa07-c7b677bf5609,Krowodrza,RatherSafe,4,1,1,1,0.31820693541363826,1,Krakow,23.558611111111112
84812,e7e1f305-be4d-4e2f-aa07-c7b677bf5609,Krowodrza,RatherSafe,4,1,2,1,1.4646261408910006,1,Krakow,23.558888888888887
84813,e7e1f305-be4d-4e2f-aa07-c7b677bf5609,Krowodrza,RatherSafe,4,1,3,1,2.689659555667515,1,Krakow,23.559166666666666
85971,476b57da-d7b6-48f6-bbeb-8cda0799f451,Dębniki,NotSafe,5,4,1,1,3.5172904789973853,1,Krakow,23.88083333333333
85973,af14a3dd-7761-4e3e-b9af-6192b0122f7b,Bronowice,NotSafe,3,1,2,2,1.8386077723008403,1,Krakow,23.88138888888889
