simulationTime[s],incidentID,districtName,districtSafetyLevel,distanceOfSummonedPatrol[m],City
112,52a46455-4737-4e74-8dd7-fbbbcc2530ed,Swoszowice,Safe,5.963558574684548,Krakow
542,81b1b157-21fe-46e3-a4d9-d4267eb7abc9,Bieńczyce,RatherSafe,4.789475128069159,Krakow
693,28a66991-e054-41df-8d32-41a005e67b1f,Czyżyny,RatherSafe,2.1503450859176376,Krakow
903,fea35898-1aff-43db-bd66-2ff079af016d,Nowa Huta,NotSafe,12.97094311519346,Krakow
957,8301255e-323c-41be-9362-b1eb30f52042,Nowa Huta,NotSafe,5.564107310111759,Krakow
1186,66ac9882-d45d-49cc-ab1d-e9d2f31bd097,Stare Miasto,NotSafe,1.1653574762141043,Krakow
1270,b609d85e-37d9-4796-abed-d2d1f50e4694,Bieżanów-Prokocim,Safe,0.5006253094326045,Krakow
1381,3abc601d-24f2-47df-8857-41afefe79114,Łagiewniki-Borek Fałęcki,RatherSafe,0.9283725653875748,Krakow
1568,b1f34885-30e7-46cd-be9a-c64eeaf59094,Bronowice,NotSafe,1.550374681098457,Krakow
1614,92f3a091-420f-41ae-8120-475c708d0891,Łagiewniki-Borek Fałęcki,RatherSafe,0.1992268714596698,Krakow
1709,7a67c901-faee-4f26-b36b-e763c9484dc0,Bieżanów-Prokocim,Safe,2.789137313086985,Krakow
1842,6134c4ed-46f2-41a7-af8f-8b52fe9701b7,Nowa Huta,NotSafe,11.848604149663952,Krakow
1885,df479754-2e4c-42f3-8546-a83f809ceb18,Grzegórzki,RatherSafe,2.097637362401294,Krakow
1887,365cdad9-2548-4795-abd6-58d8a97b1652,Grzegórzki,RatherSafe,1.246832942000541,Krakow
1951,908282d2-6c53-4031-9318-6b9249fa276c,Wzgórza Krzesławickie,Safe,1.5799299204482553,Krakow
2030,f9c373cf-4b27-4284-bad4-b26248f8d9eb,Prądnik Czerwony,RatherSafe,0.4358336165961719,Krakow
2201,2acf72e9-9edb-4cc0-9add-45caf0c598a6,Bieńczyce,RatherSafe,0.4455861606508441,Krakow
2397,659f5d45-c87d-4e5e-a592-431a406b965c,Zwierzyniec,RatherSafe,2.9128490417491437,Krakow
2779,843cf8ab-1376-4cd7-a70d-93e9d7678d94,Mistrzejowice,RatherSafe,1.710296543778562,Krakow
2781,212aa14b-a672-406a-b148-a51751942bcd,Prądnik Biały,Safe,2.196494418966762,Krakow
2834,7c178165-cac3-4243-a417-3710b8c2220a,Zwierzyniec,RatherSafe,2.210833113339087,Krakow
3042,93d91b8f-4eb1-4d04-bf93-89960b71b4ff,Swoszowice,Safe,0.16902315468169213,Krakow
3043,d194823b-07ac-4754-be98-d0b7b82bc5c8,Stare Miasto,NotSafe,0.34758178430495656,Krakow
3182,c9fea920-5257-4d4c-a2b8-82284c0283e1,Czyżyny,RatherSafe,1.5732203191253018,Krakow
3243,e8653342-3261-471d-9372-c43a66cdd14c,Wzgórza Krzesławickie,Safe,0.5834879157624285,Krakow
3351,9579fd78-352e-4784-9086-37e544140d56,Grzegórzki,RatherSafe,1.9628914167102756,Krakow
3381,c0f87935-27e7-43dd-ac56-eb7847922861,Stare Miasto,NotSafe,2.0382853624461,Krakow
3462,4b1dc596-ef3f-4983-ad3f-8b7da6d49c0d,Zwierzyniec,RatherSafe,2.324854938894625,Krakow
3496,4b1dc596-ef3f-4983-ad3f-8b7da6d49c0d,Zwierzyniec,RatherSafe,3.522223605738871,Krakow
3571,4b1dc596-ef3f-4983-ad3f-8b7da6d49c0d,Zwierzyniec,RatherSafe,2.822932549676245,Krakow
3642,ed943c42-b4f3-4308-86f3-3648664800e9,Czyżyny,RatherSafe,1.4186789069425683,Krakow
3762,58f2e363-c911-4eeb-8ea4-f3fd1ff24055,Czyżyny,RatherSafe,1.9039866928152749,Krakow
3821,299c1bda-f826-4eb2-a164-b1fe1288cf52,Stare Miasto,NotSafe,0.6379630722728121,Krakow
3822,299c1bda-f826-4eb2-a164-b1fe1288cf52,Stare Miasto,NotSafe,1.040722940395343,Krakow
3824,299c1bda-f826-4eb2-a164-b1fe1288cf52,Stare Miasto,NotSafe,0.6641516880460145,Krakow
3825,299c1bda-f826-4eb2-a164-b1fe1288cf52,Stare Miasto,NotSafe,0.37384422681066465,Krakow
3913,7ba36ac4-a60a-4081-8ff1-e3a653a83fc0,Podgórze Duchackie,NotSafe,3.472113743160032,Krakow
4052,535b987d-dd32-4cd4-82cb-9a98d5a1a664,Nowa Huta,NotSafe,3.141761477309857,Krakow
4053,4fde70c2-e0b2-41f6-a7b3-99bd573f8c54,Nowa Huta,NotSafe,2.2932351298964506,Krakow
4157,e049fcc9-8fa1-437e-97b7-fa475645c345,Dębniki,NotSafe,3.299123529934145,Krakow
4237,37f2afe0-8c61-4691-b8c5-a3d18a1c03dc,Grzegórzki,RatherSafe,1.4776290364221925,Krakow
4238,37f2afe0-8c61-4691-b8c5-a3d18a1c03dc,Grzegórzki,RatherSafe,1.7376753955589257,Krakow
4239,37f2afe0-8c61-4691-b8c5-a3d18a1c03dc,Grzegórzki,RatherSafe,1.6059750221374032,Krakow
4240,8914c313-b7b6-473a-8667-3278491ae32d,Zwierzyniec,RatherSafe,3.2352464281667164,Krakow
4319,f5f9fc70-11b0-4942-9a3f-729db09032de,Dębniki,NotSafe,1.0249766156071014,Krakow
4640,c4316065-fd70-444f-abd9-7a9e9906985b,Zwierzyniec,RatherSafe,2.0284989622684955,Krakow
4850,6dc3837b-aba4-4f3c-b981-759ad7a00491,Mistrzejowice,RatherSafe,0.6630853582575063,Krakow
4877,75f30823-7279-4b2d-8610-16e74df29ed1,Zwierzyniec,RatherSafe,1.8550257938568846,Krakow
4939,dfe326c8-e7cc-409e-81ec-78d9ab1128a8,Stare Miasto,NotSafe,1.3892172311531064,Krakow
5047,f80c5a9f-18b5-427d-8f82-ee48eea5eb23,Stare Miasto,NotSafe,2.244632265429023,Krakow
5110,9937e199-8a6c-4fe5-b9ad-a671530ed336,Zwierzyniec,RatherSafe,1.1319089562677849,Krakow
5167,9937e199-8a6c-4fe5-b9ad-a671530ed336,Zwierzyniec,RatherSafe,2.2264555595455207,Krakow
5193,72c325db-e2ee-4498-91b9-8a12ef0f4e14,Swoszowice,Safe,3.5050647339978522,Krakow
5222,1067e390-bbcc-4bb3-aff3-ffa24a7ac3cb,Nowa Huta,NotSafe,3.4943730111520934,Krakow
5248,46bb1af2-42b7-47c1-8181-ad92767fd621,Czyżyny,RatherSafe,2.1615761423760564,Krakow
5350,b1539c76-0225-4bac-a426-2938f2fc3a62,Dębniki,NotSafe,1.699643808650972,Krakow
5351,b1539c76-0225-4bac-a426-2938f2fc3a62,Dębniki,NotSafe,2.549330839074975,Krakow
5481,b1539c76-0225-4bac-a426-2938f2fc3a62,Dębniki,NotSafe,3.4582247863351894,Krakow
5535,b1539c76-0225-4bac-a426-2938f2fc3a62,Dębniki,NotSafe,3.51189424914525,Krakow
5640,b1539c76-0225-4bac-a426-2938f2fc3a62,Dębniki,NotSafe,3.592068061941462,Krakow
5641,fe0888ad-eec5-481c-b50e-17a0dc6abc48,Prądnik Biały,Safe,1.4533110388033748,Krakow
5642,df5ec8a9-07d7-4fe3-a3c8-f7f0ff5b8a01,Krowodrza,RatherSafe,3.3321972157102957,Krakow
5697,08c1cb2b-9cc0-4ed4-af95-ccab64e6fa8d,Stare Miasto,NotSafe,3.0956181789348487,Krakow
5699,08c1cb2b-9cc0-4ed4-af95-ccab64e6fa8d,Stare Miasto,NotSafe,3.0956181789348487,Krakow
5756,df7fcf3a-0970-4a50-a443-8244e8f6dcdc,Stare Miasto,NotSafe,4.170808041922902,Krakow
5756,6ca219d8-6651-416f-8819-03625942b645,Wzgórza Krzesławickie,Safe,3.5744663628931432,Krakow
5845,9937e199-8a6c-4fe5-b9ad-a671530ed336,Zwierzyniec,RatherSafe,3.478414298312499,Krakow
6134,c74adeda-4a77-47bc-883e-13404ff554eb,Mistrzejowice,RatherSafe,2.443027745181973,Krakow
6190,e644bb98-c315-44aa-9f34-24b18bad524c,Bieńczyce,RatherSafe,4.169814255152487,Krakow
6660,10981f27-e8fa-4a91-ac4c-d61e5594d93a,Krowodrza,RatherSafe,2.1842981679434526,Krakow
6765,c0bb78f2-336e-4c40-9111-d0b5959c8b73,Prądnik Czerwony,RatherSafe,2.2901731620828847,Krakow
7039,f184e660-60d1-4672-a5ba-d4ed0719251f,Krowodrza,RatherSafe,2.043205855445119,Krakow
7095,26aafa5d-0cb7-4c8b-88d3-9b5b9fb1f3b3,Podgórze Duchackie,NotSafe,2.325923049534452,Krakow
7151,651804d3-17a3-4c40-8510-e6bde357a135,Nowa Huta,NotSafe,2.6552072548236216,Krakow
7382,c19c2cd0-d694-46c6-8a3a-51a8c575c132,Bieńczyce,RatherSafe,1.5572722722981476,Krakow
7383,73b7573d-1bc6-44e8-881d-322118e98226,Bieńczyce,RatherSafe,1.8982210063502087,Krakow
7439,a45e8b0f-3779-499a-b706-c16089f03431,Krowodrza,RatherSafe,0.8601340644608292,Krakow
7995,a86d6ea0-2876-47a0-862c-f44b51c443c9,Bronowice,NotSafe,1.1597711685933152,Krakow
8021,2960986c-e1de-4f0d-8a27-3d925bf47208,Krowodrza,RatherSafe,2.088994806325691,Krakow
8191,11252876-8b7a-4349-902a-d3919536661b,Nowa Huta,NotSafe,9.878002516653787,Krakow
8245,2683bd55-4379-43b3-be50-130c68e493aa,Stare Miasto,NotSafe,1.1217123380298395,Krakow
8299,780399a7-e613-426f-9be6-57f0aaf76763,Czyżyny,RatherSafe,3.3573875302793854,Krakow
8355,f50fa26b-2daf-446f-affa-003b80d717c6,Prądnik Czerwony,RatherSafe,1.130364095469162,Krakow
8435,7c4df68d-45ac-4374-aa7a-2fab97f003cb,Grzegórzki,RatherSafe,0.4292484434120407,Krakow
8493,12c547b3-fe44-4396-85a2-ae5ca9ad1a66,Nowa Huta,NotSafe,3.5489926122248066,Krakow
8495,7b59c225-61bf-45a7-84ce-85d9bb745ad7,Zwierzyniec,RatherSafe,1.6974312030157346,Krakow
8496,e470c209-a9eb-4953-95a5-b5060ff3931e,Podgórze Duchackie,NotSafe,1.0645762277208861,Krakow
8650,cae05774-a872-4f8c-b317-da703410c28f,Bronowice,NotSafe,1.9884032369296378,Krakow
8651,cae05774-a872-4f8c-b317-da703410c28f,Bronowice,NotSafe,1.7666595453277447,Krakow
8653,cae05774-a872-4f8c-b317-da703410c28f,Bronowice,NotSafe,2.0199238548062453,Krakow
8654,cae05774-a872-4f8c-b317-da703410c28f,Bronowice,NotSafe,2.013060849809971,Krakow
8655,cae05774-a872-4f8c-b317-da703410c28f,Bronowice,NotSafe,2.0199980367217516,Krakow
8743,42c0e953-5761-4b88-9dc4-e07a7530fb1b,Swoszowice,Safe,3.5262670551900728,Krakow
8797,75ad0f9f-55ae-46f0-811a-bcf9458f6c31,Podgórze Duchackie,NotSafe,0.6430716236426971,Krakow
8931,927ac3a1-1c70-4ec1-acb2-f0b927028705,Podgórze Duchackie,NotSafe,2.1801267561844138,Krakow
8932,4675b338-3ca6-4942-ad99-ada4ee47c305,Bieńczyce,RatherSafe,1.992375997753098,Krakow
9013,ce4129d3-1158-40f0-bbf8-ede00f84aaae,Zwierzyniec,RatherSafe,2.2056457863376293,Krakow
9039,fa554cb1-20e3-45f3-b402-0c13ea861611,Czyżyny,RatherSafe,0.5960528042294657,Krakow
9091,66ffe577-d7bf-48b4-9878-ec1613960bd8,Bronowice,NotSafe,1.7612125076832592,Krakow
9175,a10f26d8-6be9-43b1-aafd-7cb1d9b81211,Podgórze Duchackie,NotSafe,0.8652702052928317,Krakow
9176,a10f26d8-6be9-43b1-aafd-7cb1d9b81211,Podgórze Duchackie,NotSafe,1.0962212523808035,Krakow
9203,07f53804-7437-4193-b71e-98b68153881b,Bronowice,NotSafe,4.238064451661228,Krakow
9340,12c547b3-fe44-4396-85a2-ae5ca9ad1a66,Nowa Huta,NotSafe,3.599949669993888,Krakow
9417,57e05b94-3876-42a8-a525-c0f2a45e0855,Czyżyny,RatherSafe,0.6201628087531628,Krakow
9418,57e05b94-3876-42a8-a525-c0f2a45e0855,Czyżyny,RatherSafe,0.27124667185532314,Krakow
9448,48ace39a-28d3-4950-a6c8-74db47aff119,Stare Miasto,NotSafe,0.7326986798507659,Krakow
9501,dfd24431-5263-4a65-8695-fc7382da49e3,Prądnik Czerwony,RatherSafe,2.3338003686486046,Krakow
9609,4fe4c0ae-bfcd-4782-acbd-58020e64a448,Podgórze Duchackie,NotSafe,3.07916052752339,Krakow
9642,2dc411f2-82ef-4803-b491-33cb44ed0f62,Podgórze,Safe,2.556892576272619,Krakow
9698,2bb7b001-c520-4826-b046-502df3c80ca6,Prądnik Czerwony,RatherSafe,3.5002518599425083,Krakow
9905,f6d5fd6b-ed53-4da7-9a6e-571b18b4cf70,Stare Miasto,NotSafe,1.5158027180004772,Krakow
9906,f6d5fd6b-ed53-4da7-9a6e-571b18b4cf70,Stare Miasto,NotSafe,3.216032705831235,Krakow
9908,f6d5fd6b-ed53-4da7-9a6e-571b18b4cf70,Stare Miasto,NotSafe,3.251159173402409,Krakow
9909,f6d5fd6b-ed53-4da7-9a6e-571b18b4cf70,Stare Miasto,NotSafe,1.7842841886686704,Krakow
10044,22d6753a-f8b5-40a2-b653-44c1cffaacb6,Krowodrza,RatherSafe,3.880719802644496,Krakow
10076,c92bf63d-9fe7-498f-b858-4c9ea47a2acc,Nowa Huta,NotSafe,4.366885163653709,Krakow
10356,12c547b3-fe44-4396-85a2-ae5ca9ad1a66,Nowa Huta,NotSafe,3.2612901034470196,Krakow
10436,3ee0949c-af34-4cc7-9434-75a914f5ec81,Grzegórzki,RatherSafe,1.109584129938125,Krakow
10529,12c547b3-fe44-4396-85a2-ae5ca9ad1a66,Nowa Huta,NotSafe,3.5189080107892825,Krakow
10530,342490fd-4134-4995-8a98-106fd4657094,Swoszowice,Safe,4.392441764775375,Krakow
10687,07248b57-9d94-4e1c-9a62-e8b53fdcb2a9,Czyżyny,RatherSafe,3.2076279167425956,Krakow
10831,af81c15d-2421-4056-844f-abd03d034b44,Prądnik Czerwony,RatherSafe,0.853096344025863,Krakow
10833,af81c15d-2421-4056-844f-abd03d034b44,Prądnik Czerwony,RatherSafe,3.4480076400292146,Krakow
10834,af81c15d-2421-4056-844f-abd03d034b44,Prądnik Czerwony,RatherSafe,2.22245241655614,Krakow
11053,586c52dd-9703-4a5a-ac56-ccdc4f7fa545,Grzegórzki,RatherSafe,2.583315533236402,Krakow
11527,ad00f49d-bcab-4c92-90ac-30cf47dba735,Wzgórza Krzesławickie,Safe,3.122192878497953,Krakow
11640,64e55404-899b-4493-861d-3d30521c577e,Krowodrza,RatherSafe,0.7954326393381412,Krakow
11694,89458a75-a942-4677-9f82-575ad555682d,Krowodrza,RatherSafe,0.5514349076774422,Krakow
11695,a4754069-8a8e-408e-a3fa-fc714f64f82e,Bronowice,NotSafe,1.7071627327015688,Krakow
11751,db812047-c7da-42b0-ab87-f034b8a7cff1,Grzegórzki,RatherSafe,1.1427066709596962,Krakow
11778,203127ad-a19f-42c1-be3e-705cb2dd7f02,Wzgórza Krzesławickie,Safe,4.482549021853652,Krakow
11837,c7214785-efe2-46e9-9e24-434c5b71ed53,Łagiewniki-Borek Fałęcki,RatherSafe,2.0835394299587815,Krakow
11838,17481c0c-b195-48bc-90e7-9c00eb044058,Dębniki,NotSafe,1.2392557464111273,Krakow
12000,8a28384c-1d54-4814-ab9e-93c1f302149f,Prądnik Czerwony,RatherSafe,2.2177044047210224,Krakow
12026,e714019c-f42d-4d4c-b8cf-21909d31c725,Prądnik Czerwony,RatherSafe,1.51701767281951,Krakow
12163,ac983344-f5d3-4d11-8a94-3115a3f2fa49,Grzegórzki,RatherSafe,0.7927643357155272,Krakow
12164,ac983344-f5d3-4d11-8a94-3115a3f2fa49,Grzegórzki,RatherSafe,2.4763957436463024,Krakow
12165,ac983344-f5d3-4d11-8a94-3115a3f2fa49,Grzegórzki,RatherSafe,2.6737312907982878,Krakow
12242,1292c0bd-f749-47e3-97d1-c65d1a759683,Mistrzejowice,RatherSafe,3.726012373879593,Krakow
12294,3f798b5d-d019-46cb-a757-8f26e1f1026c,Podgórze,Safe,2.0376603798442448,Krakow
12349,986d006b-df39-44df-b366-e0e67b81ceea,Prądnik Biały,Safe,1.0702398240137332,Krakow
12643,22979d75-c203-4bca-8543-f12c1d1c29f5,Podgórze,Safe,3.046344957821141,Krakow
12747,2dd49b42-e03c-40bf-8ec6-4659616d60b1,Łagiewniki-Borek Fałęcki,RatherSafe,1.9426659969371778,Krakow
13148,12c547b3-fe44-4396-85a2-ae5ca9ad1a66,Nowa Huta,NotSafe,3.5294275080728372,Krakow
13513,5a8ea1f6-f12f-41ad-90c4-b917f4cae0e3,Prądnik Czerwony,RatherSafe,2.104560253584867,Krakow
13650,1f128872-911b-4d3c-a2fd-2fca17ddaa85,Bronowice,NotSafe,7.098805042912953,Krakow
13871,ee9cec4e-18cd-4d51-8a5d-9f1c604e1ebb,Łagiewniki-Borek Fałęcki,RatherSafe,0.9116940408554663,Krakow
13990,82c1bf87-ad58-4b08-ae11-f911421b3bef,Dębniki,NotSafe,1.341854134543195,Krakow
14260,37f1b051-8a80-4142-a10b-428778d423ca,Podgórze Duchackie,NotSafe,2.3086357602819594,Krakow
14286,742d3b77-58d7-4a17-90a5-f19c847aace8,Bronowice,NotSafe,3.54428891709945,Krakow
14456,b2430e38-48d9-4ceb-93b3-4c56d4eed0d3,Mistrzejowice,RatherSafe,1.9358491136079974,Krakow
14599,73108b08-97fb-4db8-a8b6-dede21f99cf9,Podgórze Duchackie,NotSafe,3.3163975200550744,Krakow
14600,05aef091-ed25-484e-9db5-c1872d3a2f2a,Nowa Huta,NotSafe,3.080981249468437,Krakow
14640,7215d923-1110-4431-a544-993d85caaf91,Stare Miasto,NotSafe,0.9563109867387114,Krakow
14695,2e9ac479-8c5e-4372-bd36-09ee8ab4af42,Nowa Huta,NotSafe,2.0427330480251875,Krakow
14697,e589192c-fba1-4445-b4b3-07b5c400517a,Stare Miasto,NotSafe,0.7498684355078773,Krakow
14723,c0a5c032-84ea-43d9-acef-385a9e146f51,Bronowice,NotSafe,5.912347829591947,Krakow
14766,cef00e29-6947-4211-91e4-6a618b7aed2d,Podgórze Duchackie,NotSafe,1.025954457913382,Krakow
15235,83d52f30-4458-43b5-aafb-3b3608e505bb,Prądnik Czerwony,RatherSafe,1.1520980531297458,Krakow
15236,198840bd-0f64-400e-b8e9-7a013af09c3e,Krowodrza,RatherSafe,1.869600452956211,Krakow
15370,bc32acee-4041-4902-ab9d-2f70a1fb74e6,Stare Miasto,NotSafe,0.11917456003089101,Krakow
15404,c303328c-b096-4067-81c1-86947fc8817f,Bronowice,NotSafe,3.5022518067160955,Krakow
15433,1a63b14b-84ef-498d-9a06-6aa45ae09c75,Stare Miasto,NotSafe,1.9794914762578215,Krakow
15434,1a63b14b-84ef-498d-9a06-6aa45ae09c75,Stare Miasto,NotSafe,2.147825347701064,Krakow
15435,3fd738c2-8a16-4a0a-be77-9ce3d1519ed3,Podgórze Duchackie,NotSafe,1.1844661235060518,Krakow
15464,3fd738c2-8a16-4a0a-be77-9ce3d1519ed3,Podgórze Duchackie,NotSafe,1.7814968631999049,Krakow
15465,3fd738c2-8a16-4a0a-be77-9ce3d1519ed3,Podgórze Duchackie,NotSafe,1.8116196205741693,Krakow
15466,3fd738c2-8a16-4a0a-be77-9ce3d1519ed3,Podgórze Duchackie,NotSafe,1.6637613287924646,Krakow
15468,3fd738c2-8a16-4a0a-be77-9ce3d1519ed3,Podgórze Duchackie,NotSafe,2.397726049601476,Krakow
15469,3fd738c2-8a16-4a0a-be77-9ce3d1519ed3,Podgórze Duchackie,NotSafe,2.296828826682034,Krakow
15470,3fd738c2-8a16-4a0a-be77-9ce3d1519ed3,Podgórze Duchackie,NotSafe,2.1724085557276336,Krakow
15866,f691d74c-5f57-41c2-84f1-899797c0da67,Wzgórza Krzesławickie,Safe,0.19381338509499751,Krakow
15867,71c8cf69-48fe-4341-afce-c66ba554741b,Krowodrza,RatherSafe,1.6847624200364375,Krakow
16209,82043a56-74e7-4ed7-8e47-c3200a7858e2,Nowa Huta,NotSafe,3.096555070976479,Krakow
16263,8de23b11-fd5a-49a1-a0a2-7ecc6cb6e208,Podgórze Duchackie,NotSafe,1.4800118721590985,Krakow
16318,4e5018cc-f99c-4c10-92ce-85c5b2363835,Wzgórza Krzesławickie,Safe,2.9018132563239747,Krakow
16374,cc9edaab-9f9e-4a76-b1d2-2b36126e3dca,Stare Miasto,NotSafe,1.0520164385083353,Krakow
16485,4826e4fd-e328-4c8a-9292-455ddb34da7e,Mistrzejowice,RatherSafe,3.156516025961922,Krakow
16678,e47fd21c-f93b-4993-aeea-77f419e72cb8,Podgórze Duchackie,NotSafe,0.7684668959802663,Krakow
16679,e47fd21c-f93b-4993-aeea-77f419e72cb8,Podgórze Duchackie,NotSafe,1.9978494004633522,Krakow
16680,e47fd21c-f93b-4993-aeea-77f419e72cb8,Podgórze Duchackie,NotSafe,1.7054163794982282,Krakow
16682,78614fa7-859d-4c83-b96c-149f17ad261d,Łagiewniki-Borek Fałęcki,RatherSafe,2.968219688725635,Krakow
16845,13baac93-84dd-470a-9580-d38a12f53ca1,Swoszowice,Safe,1.4830257469370847,Krakow
16930,2dacaabf-14f8-42fc-8f88-45cfc5e5f6ea,Nowa Huta,NotSafe,3.1002046777890624,Krakow
17064,0ea69660-015b-4583-b2bd-15a06279d32b,Grzegórzki,RatherSafe,0.8975610043229059,Krakow
17066,2f927da9-89c4-4c3e-abe5-5b3bb1e65912,Mistrzejowice,RatherSafe,1.466549318671616,Krakow
17171,ace1131d-8504-4857-b313-537112584721,Zwierzyniec,RatherSafe,0.48625013932232336,Krakow
17610,6bc7b490-4122-429f-869c-3371ee5c5533,Grzegórzki,RatherSafe,2.090143634858882,Krakow
17822,1771d0f6-fed5-4f85-a5c3-c9760edeaa5d,Grzegórzki,RatherSafe,1.891871773294293,Krakow
17823,1771d0f6-fed5-4f85-a5c3-c9760edeaa5d,Grzegórzki,RatherSafe,1.6201100100461039,Krakow
18019,a4a34102-2f73-4ae4-b80e-cbb75a35f8e0,Bieńczyce,RatherSafe,2.0900357382923063,Krakow
18049,b672a03d-9036-4ae4-a28e-63eb0c42f12c,Bieńczyce,RatherSafe,1.4496709647885677,Krakow
18170,5903e01c-7855-4a4a-9111-ae123be8dd64,Podgórze Duchackie,NotSafe,3.2039583979720048,Krakow
18171,38573d7c-7b0c-476d-afa5-a535bdc08d8f,Łagiewniki-Borek Fałęcki,RatherSafe,1.5862972693742492,Krakow
18428,51490edc-780b-40d2-aa15-b5570ae20630,Bieńczyce,RatherSafe,1.0139122463924444,Krakow
18465,af67bf7f-a604-435c-9c07-7b5e07ff1c0a,Podgórze Duchackie,NotSafe,2.3846686728571056,Krakow
18772,4f2ab2ce-458d-4322-a90c-c5600a8c2047,Swoszowice,Safe,0.40601910910224326,Krakow
19269,e6131006-2723-406f-9774-33ed01ab11e8,Podgórze Duchackie,NotSafe,1.1641526585945903,Krakow
19295,129258e8-1593-4e38-b8b1-9059a7ac99d4,Krowodrza,RatherSafe,2.0185356807618664,Krakow
19380,bc7ceba5-fdbc-4dc4-91d1-6cd202964c87,Bronowice,NotSafe,1.9060921556522492,Krakow
19409,07d24ad1-de08-4443-835e-f163f1ec343e,Bieżanów-Prokocim,Safe,2.623795367746474,Krakow
19441,e5c43c40-7651-4783-be21-aa2e07546499,Prądnik Biały,Safe,0.8975219439201345,Krakow
19663,f052259f-ac73-4ed8-bf00-109c7cc936db,Nowa Huta,NotSafe,3.629764225084939,Krakow
19664,84db310c-fc8c-49a2-a8df-bf9e56ba5cf6,Wzgórza Krzesławickie,Safe,2.3458201911181398,Krakow
19970,9fec67a1-3370-42b5-8e06-e20d947be5db,Czyżyny,RatherSafe,0.7061132963953088,Krakow
20263,ccd11071-f361-4a8d-8af5-72b8c4daa8ce,Czyżyny,RatherSafe,1.5982444183856408,Krakow
20263,ccd11071-f361-4a8d-8af5-72b8c4daa8ce,Czyżyny,RatherSafe,2.1233399752109294,Krakow
20265,ccd11071-f361-4a8d-8af5-72b8c4daa8ce,Czyżyny,RatherSafe,2.189891545454541,Krakow
20483,784f531d-d721-4b73-a7d3-56295360e270,Nowa Huta,NotSafe,3.945141962356677,Krakow
20660,dc2d61b5-d546-4c36-86d0-f0a5d981b2bf,Prądnik Czerwony,RatherSafe,1.4447640059474758,Krakow
20770,8956487e-4473-4ff8-9f36-d964e7031993,Podgórze,Safe,1.858814014778284,Krakow
21073,1585ae2c-ba04-4332-b5aa-4deee48bd00a,Podgórze,Safe,1.161692682919783,Krakow
21104,1a763cfb-470a-4325-9af0-d7ee6e393071,Zwierzyniec,RatherSafe,0.9479874805806585,Krakow
21166,cd773f37-460e-48d8-8730-a0523d81fee5,Swoszowice,Safe,0.5616902174336401,Krakow
21272,b59f8057-9bb7-4150-9610-40565f251d93,Stare Miasto,NotSafe,0.9239967506740141,Krakow
21299,592a4ba0-e183-4f22-a13b-9d02bca210f5,Bronowice,NotSafe,0.8765747806160666,Krakow
21643,62b641e5-6abf-43c5-b666-844163296f0b,Prądnik Czerwony,RatherSafe,1.3471701451965465,Krakow
21644,de80c0d3-fc9a-4987-9280-4cef539877a8,Czyżyny,RatherSafe,1.1115992199256224,Krakow
21810,5081f5c2-3862-4aed-b3b0-e4371bb32031,Mistrzejowice,RatherSafe,2.7149603851004853,Krakow
21838,b73c2d7b-9889-4ae9-bed0-af396df607e5,Czyżyny,RatherSafe,3.237653879987582,Krakow
21840,f7483395-ca74-4229-94f2-f131902e71f6,Bronowice,NotSafe,2.217282748958835,Krakow
22039,3789b315-9bad-42fe-b92e-d7fc3a7d442d,Mistrzejowice,RatherSafe,2.0492515720210327,Krakow
22117,061e3a3c-32be-4d8c-b436-e1337d12a93a,Prądnik Czerwony,RatherSafe,0.6489174508777061,Krakow
22176,f98e7110-9d93-4d76-9387-ad281023a63b,Dębniki,NotSafe,3.2895698783817395,Krakow
22240,9896795b-6175-4cc6-94fb-72f6c725ec50,Dębniki,NotSafe,1.6121509720642744,Krakow
22429,8dfdda34-aac8-45f7-bc90-59d3297765e9,Stare Miasto,NotSafe,0.27440217173634734,Krakow
22430,8dfdda34-aac8-45f7-bc90-59d3297765e9,Stare Miasto,NotSafe,0.03619360939795121,Krakow
22431,8dfdda34-aac8-45f7-bc90-59d3297765e9,Stare Miasto,NotSafe,2.393560371876861,Krakow
22432,8dfdda34-aac8-45f7-bc90-59d3297765e9,Stare Miasto,NotSafe,1.5044298302646033,Krakow
22434,8dfdda34-aac8-45f7-bc90-59d3297765e9,Stare Miasto,NotSafe,1.3651794982565477,Krakow
22463,6d8a4adf-3bd5-4e16-ba11-cdde17702299,Nowa Huta,NotSafe,8.593990632706141,Krakow
22493,3aa29982-83a2-47b0-b85a-6d503acff9b6,Czyżyny,RatherSafe,2.0423295541733917,Krakow
22612,5cdf93f5-0447-4b9b-b3c9-5bb665284582,Grzegórzki,RatherSafe,2.198056141115291,Krakow
22640,4377da26-cc6b-4060-8206-40a6ef3ea2d9,Prądnik Biały,Safe,1.270986584898723,Krakow
22800,c7bf540f-d7c2-4674-82e8-7fb028818543,Mistrzejowice,RatherSafe,2.3869691266166875,Krakow
22930,81834d18-0e51-423e-adb1-931baf10ed2e,Stare Miasto,NotSafe,2.3158054930804184,Krakow
23012,206c798f-ce35-4bd4-b3c5-e714fda2f81c,Podgórze,Safe,2.3846569402015763,Krakow
23333,bb46d8e3-f88a-42b3-9f8c-4999cba01990,Prądnik Biały,Safe,0.9264936618231092,Krakow
23440,39a6a679-62fb-49e0-bb6f-83456ee14cc3,Bieńczyce,RatherSafe,2.3220433251241945,Krakow
23824,924e27c0-40d6-402c-9819-4cf1e46ba25e,Łagiewniki-Borek Fałęcki,RatherSafe,1.9549103335677176,Krakow
23825,6a1db6ef-e06f-4f70-9264-74c4d0b3419e,Bronowice,NotSafe,3.2192088328307267,Krakow
23909,63148a34-8468-4142-a953-7f74e945ec88,Grzegórzki,RatherSafe,0.8807529327744918,Krakow
23990,c08089cb-2fa1-48b4-9cb6-b07bff146379,Krowodrza,RatherSafe,1.044008563025844,Krakow
24048,ad64f69f-d4b5-44f6-a277-460b04ff3473,Dębniki,NotSafe,0.027675274630141772,Krakow
24078,1c8666d2-38ff-483a-98cf-1b62a72d7706,Grzegórzki,RatherSafe,0.5552830536105132,Krakow
24079,1c8666d2-38ff-483a-98cf-1b62a72d7706,Grzegórzki,RatherSafe,0.5599006724516897,Krakow
24080,1c8666d2-38ff-483a-98cf-1b62a72d7706,Grzegórzki,RatherSafe,2.882530500933435,Krakow
24111,1c8666d2-38ff-483a-98cf-1b62a72d7706,Grzegórzki,RatherSafe,1.6716125476854466,Krakow
24248,c0babdc0-7a2e-409b-886f-06a31ad87204,Nowa Huta,NotSafe,1.4973274665573564,Krakow
24278,b037c331-72e6-4cb6-9a4f-b25eba6d2b2d,Bronowice,NotSafe,2.694837890188629,Krakow
24365,3d27db19-cb48-4a9e-8ec4-9cc8512e3430,Łagiewniki-Borek Fałęcki,RatherSafe,0.9330702769856759,Krakow
24473,e2b7c946-c6d8-4971-86d9-6567509789aa,Łagiewniki-Borek Fałęcki,RatherSafe,1.1083480678002666,Krakow
24605,baf075b2-ff9e-43f9-88c8-655bcf6680d6,Stare Miasto,NotSafe,0.6973872866724977,Krakow
24606,8ac8e906-4091-49e9-960b-e90a844a601b,Stare Miasto,NotSafe,0.6219214226441602,Krakow
24686,54be09ba-bd74-4b97-8519-9bf2e7f02854,Stare Miasto,NotSafe,0.3023575727856316,Krakow
24817,ae1a83f2-d92e-4015-8e9f-d2ea113eb156,Wzgórza Krzesławickie,Safe,3.011684310463399,Krakow
25034,c21760ce-2f1e-41aa-8035-dd0e547b9694,Bronowice,NotSafe,4.616208593269114,Krakow
25139,a1a98f44-096b-472f-9e87-8e463ed38a70,Wzgórza Krzesławickie,Safe,2.880297605021657,Krakow
25217,89d1e3ef-97cb-4c17-ad6f-6fcc9b8f4501,Bronowice,NotSafe,2.4718306063203395,Krakow
25218,89d1e3ef-97cb-4c17-ad6f-6fcc9b8f4501,Bronowice,NotSafe,2.7055994622767376,Krakow
25220,89d1e3ef-97cb-4c17-ad6f-6fcc9b8f4501,Bronowice,NotSafe,2.9980123281360505,Krakow
25331,d6d77284-0ef9-47c9-8ccd-d8b8d787b520,Podgórze Duchackie,NotSafe,0.8827049338272306,Krakow
25358,abeca64d-4752-4a17-be70-d78faa600851,Stare Miasto,NotSafe,1.5361850949965952,Krakow
25465,89d1e3ef-97cb-4c17-ad6f-6fcc9b8f4501,Bronowice,NotSafe,3.49530758705992,Krakow
25466,ddacae0e-c720-4fb8-b31a-d59db50ef942,Dębniki,NotSafe,1.1845904175757658,Krakow
25467,ddacae0e-c720-4fb8-b31a-d59db50ef942,Dębniki,NotSafe,2.2904476495470396,Krakow
25468,ddacae0e-c720-4fb8-b31a-d59db50ef942,Dębniki,NotSafe,3.0781891740359946,Krakow
25469,ddacae0e-c720-4fb8-b31a-d59db50ef942,Dębniki,NotSafe,3.071534875588468,Krakow
25470,ddacae0e-c720-4fb8-b31a-d59db50ef942,Dębniki,NotSafe,3.2359564679978012,Krakow
25498,89d1e3ef-97cb-4c17-ad6f-6fcc9b8f4501,Bronowice,NotSafe,3.470226360261968,Krakow
25746,85eb1117-623e-4167-8954-9ce2474316e7,Podgórze Duchackie,NotSafe,2.4400848710814516,Krakow
25773,f529fc55-b0c1-4c8e-912f-1e2fbe6f8c39,Grzegórzki,RatherSafe,0.4711571262776364,Krakow
25774,988a0128-c8cb-40ac-a462-8d00e4bb21a4,Bronowice,NotSafe,1.0300829577280324,Krakow
25829,fec48ef6-9241-4faf-b6b2-ff72b3f23ade,Podgórze Duchackie,NotSafe,2.0555601448135534,Krakow
25830,fec48ef6-9241-4faf-b6b2-ff72b3f23ade,Podgórze Duchackie,NotSafe,2.896998803918077,Krakow
25831,fec48ef6-9241-4faf-b6b2-ff72b3f23ade,Podgórze Duchackie,NotSafe,3.111357673073675,Krakow
25832,fec48ef6-9241-4faf-b6b2-ff72b3f23ade,Podgórze Duchackie,NotSafe,3.1169655541459207,Krakow
25988,95088fb2-0db9-414b-b4c9-c33b12b76388,Czyżyny,RatherSafe,1.4203170599361408,Krakow
26223,587f4b69-64ef-4485-9d04-6c14d49b22a0,Zwierzyniec,RatherSafe,1.1670471201133152,Krakow
26248,e6181de9-8c37-4a03-ab98-1d8a2bee2475,Krowodrza,RatherSafe,1.1933296609952053,Krakow
26300,e3cc0b79-f735-4f34-bbb2-568b0a21dac7,Swoszowice,Safe,4.940232275552227,Krakow
26326,d853e381-5134-43ee-b67f-a1292ea76ac8,Prądnik Czerwony,RatherSafe,4.097034332814033,Krakow
26616,32fd7d31-b599-4fe7-9aac-8bb2bfdf19ac,Podgórze Duchackie,NotSafe,4.571382047802882,Krakow
26691,c1615b2e-6d4f-46ed-a38e-a58d603ed2c7,Mistrzejowice,RatherSafe,1.9642991421788074,Krakow
26794,1e3063ca-3891-4a01-adb9-7516bfa9aab1,Bieńczyce,RatherSafe,1.8108815000576328,Krakow
26869,6a92c84f-0cab-4ec8-ac65-1dc837e674c3,Bronowice,NotSafe,4.777946327548447,Krakow
26974,5c7e2ae3-f688-4c16-9683-20401337ac3d,Zwierzyniec,RatherSafe,6.4256726136075235,Krakow
27100,189413aa-b691-45dd-ba51-c2d329a5235d,Dębniki,NotSafe,9.758905544022825,Krakow
27305,01329422-955a-4aa1-8ce5-f28eb236fdfc,Stare Miasto,NotSafe,3.5146690185063347,Krakow
27384,428edf69-d525-4797-a53b-38754c7301a2,Bronowice,NotSafe,7.55396761362583,Krakow
27515,a6db8a3b-a507-48cf-8dea-b12dc2c74f4a,Bieńczyce,RatherSafe,3.1270641502558156,Krakow
27823,176991d0-3739-40e4-aab8-e52c9c052445,Podgórze Duchackie,NotSafe,1.886097651247022,Krakow
27880,88c47441-6bb9-44d2-9101-facb10e0881d,Dębniki,NotSafe,1.8506068288818076,Krakow
27909,be5adf17-fffd-42ef-96a6-902b4b266449,Bronowice,NotSafe,2.708609871750098,Krakow
27910,be5adf17-fffd-42ef-96a6-902b4b266449,Bronowice,NotSafe,2.527394617232787,Krakow
27911,be5adf17-fffd-42ef-96a6-902b4b266449,Bronowice,NotSafe,3.3987102672037537,Krakow
27963,74124187-a080-4557-9405-5a186fa52896,Czyżyny,RatherSafe,0.6857688036527547,Krakow
27964,4da15a2e-92ba-4c9c-87db-5d3460bccf1d,Bieżanów-Prokocim,Safe,2.8440229719645007,Krakow
27991,0a567283-ad93-4771-877d-cd54722cf42c,Czyżyny,RatherSafe,0.9872185723839993,Krakow
28363,c1fa6905-e32d-4243-b955-3b7f35b887b5,Mistrzejowice,RatherSafe,0.8922120408659244,Krakow
28446,6e203477-9ee5-4d48-a7e0-9631059e6a43,Prądnik Biały,Safe,0.9530850894815697,Krakow
28511,0b38fa10-7d8e-41b4-bccb-4d4223a7402f,Bieńczyce,RatherSafe,0.5561315287680662,Krakow
28538,a2bd8791-fbe8-40c4-b09a-66d1634f69b0,Dębniki,NotSafe,5.151778621032122,Krakow
28666,effef037-f916-4df3-bb62-4223d24e3007,Dębniki,NotSafe,7.061172503160839,Krakow
28743,bcec386a-6c31-47ca-9281-4e150efc2021,Podgórze,Safe,1.9040496440836219,Krakow
28964,a715765d-80ce-4e38-baec-b52c69a85c04,Grzegórzki,RatherSafe,0.5203798093347455,Krakow
28966,fc68795a-92e0-4a8a-8e4c-76ad2a1226ce,Nowa Huta,NotSafe,1.9415449645128717,Krakow
29012,58f0426f-761c-4532-b89f-a411578b2c0d,Nowa Huta,NotSafe,7.3922977113255515,Krakow
29070,9dfb574c-27a1-4dba-87bb-f8efbafb21cd,Bronowice,NotSafe,8.139470569330125,Krakow
29208,45fc40e9-5eb3-4943-9e39-44fdfd39a648,Wzgórza Krzesławickie,Safe,5.338089032881419,Krakow
29340,2c456661-84ba-4b40-9744-e5fed1f786db,Prądnik Czerwony,RatherSafe,1.7441864174126658,Krakow
29655,26589b80-fa78-45f6-a9ff-08e1b0a3b07f,Prądnik Czerwony,RatherSafe,2.096801342915015,Krakow
29656,26589b80-fa78-45f6-a9ff-08e1b0a3b07f,Prądnik Czerwony,RatherSafe,1.7847250952788536,Krakow
29657,26589b80-fa78-45f6-a9ff-08e1b0a3b07f,Prądnik Czerwony,RatherSafe,2.102812914902782,Krakow
30284,4ef9decf-c15a-451c-bdad-a56cf0b468c6,Bronowice,NotSafe,0.9795166535903674,Krakow
30481,4b5962cf-5972-4373-8f6b-c7e9a43faca7,Mistrzejowice,RatherSafe,2.2990336826927575,Krakow
30510,31ae9aa6-edc8-4abc-8438-66ac0646e953,Czyżyny,RatherSafe,2.2881566982297787,Krakow
30563,bf050dee-b0ce-4ec5-8d20-aac48401d0cf,Stare Miasto,NotSafe,1.1787738404560546,Krakow
30563,c52b3074-8ec7-43fe-bfa1-a90771c881a4,Prądnik Czerwony,RatherSafe,0.5149783606642877,Krakow
30591,f9059372-7140-474d-ad5e-00a995bebff5,Bronowice,NotSafe,0.4042304197520121,Krakow
30671,b2f32dee-cc19-48b0-b924-f183fbd388c2,Podgórze Duchackie,NotSafe,0.838020904597812,Krakow
31250,5490a46d-1742-49c4-8943-9315e33ffc89,Mistrzejowice,RatherSafe,0.21675330996574818,Krakow
31276,38a3a530-64ba-4e01-a117-1fcde61e4d97,Stare Miasto,NotSafe,0.4343883625065081,Krakow
31277,edbc4f45-bed6-4fad-9162-a8edde266f37,Prądnik Biały,Safe,1.3527559902228505,Krakow
31304,d0aee7fa-3eed-4e36-90c0-901657837ea8,Łagiewniki-Borek Fałęcki,RatherSafe,0.9635736528796837,Krakow
31477,d762ddb6-e287-4420-9f5a-4b9c1ef7a938,Wzgórza Krzesławickie,Safe,0.8459511895110795,Krakow
31625,43cf970d-e1e1-4bbf-bc17-750eba48e64d,Bronowice,NotSafe,1.8160087216959133,Krakow
31651,6e07fb7c-887f-45d4-8569-34790bed3df8,Stare Miasto,NotSafe,1.162598339293303,Krakow
31705,e682360d-6e2d-4c1b-93c2-6af9817c7303,Dębniki,NotSafe,6.191438960862819,Krakow
31730,c8481d4f-0259-404c-a0df-b4fc15a622e7,Prądnik Biały,Safe,3.33085334352295,Krakow
31758,4b4dfe57-988d-4c1b-af1e-c92a0b6ee4c0,Krowodrza,RatherSafe,1.0875449190785889,Krakow
31785,8202ab45-8ef7-43c0-8f1f-90c1bf15b5b3,Prądnik Czerwony,RatherSafe,1.8101875077095628,Krakow
32234,b69dc7e4-cb41-429e-b48a-4e290e868d98,Nowa Huta,NotSafe,2.090506182695552,Krakow
32263,186151cf-94a2-4169-863c-92ca84b82fe7,Łagiewniki-Borek Fałęcki,RatherSafe,2.322893227448339,Krakow
32264,186151cf-94a2-4169-863c-92ca84b82fe7,Łagiewniki-Borek Fałęcki,RatherSafe,1.8828711319030809,Krakow
32265,186151cf-94a2-4169-863c-92ca84b82fe7,Łagiewniki-Borek Fałęcki,RatherSafe,2.0565232199808956,Krakow
32320,ac67e98e-d85f-4548-972c-5b92e1d4b7d7,Mistrzejowice,RatherSafe,2.3428710569512696,Krakow
32399,944a6a8c-49a0-4192-a9d5-01887fa8532e,Łagiewniki-Borek Fałęcki,RatherSafe,1.8408214743304283,Krakow
32459,d788a58f-44f3-40d8-9f29-3da99cc6afa5,Nowa Huta,NotSafe,0.9466344053409789,Krakow
32461,d788a58f-44f3-40d8-9f29-3da99cc6afa5,Nowa Huta,NotSafe,1.5040279152974512,Krakow
32462,d788a58f-44f3-40d8-9f29-3da99cc6afa5,Nowa Huta,NotSafe,3.498736462375348,Krakow
32464,d788a58f-44f3-40d8-9f29-3da99cc6afa5,Nowa Huta,NotSafe,3.3100166565775053,Krakow
32556,e231786b-8828-4f74-af65-d06e8b6293e4,Prądnik Czerwony,RatherSafe,2.034746262045128,Krakow
32616,ea0eb4ac-8e42-400b-9dc8-20c2b5441e22,Swoszowice,Safe,2.2665408293492764,Krakow
32617,1c8e7016-72eb-4b57-a76c-26868fa32d1f,Grzegórzki,RatherSafe,0.3869301885905147,Krakow
32618,180c2d39-fcb3-4dfc-8455-5ec94c8ea912,Grzegórzki,RatherSafe,0.13526081354124428,Krakow
32645,af148cb3-70f5-4793-b984-05a2c8e3ca0b,Wzgórza Krzesławickie,Safe,1.9803152565171493,Krakow
32708,e59e57f7-0545-4731-95ed-c333b561168e,Prądnik Biały,Safe,3.3860950064861646,Krakow
32796,d1b00fe4-3cea-4388-8860-bbfc0f396087,Krowodrza,RatherSafe,0.8868475946691047,Krakow
32854,8a40794e-8578-4463-b9c6-8d38b518ca2f,Dębniki,NotSafe,3.0749133995009874,Krakow
32855,181276f4-97d9-4a1a-9047-b45179f488f2,Prądnik Czerwony,RatherSafe,0.6373657380761945,Krakow
33205,2819f25c-c778-4d1e-b470-4fa98f9b2d22,Stare Miasto,NotSafe,0.5583024467498756,Krakow
33636,8950af6c-2f8c-4653-92eb-18058b349668,Dębniki,NotSafe,4.020803186461461,Krakow
33747,d8ec978f-e086-4e9c-8c40-2600212dec85,Wzgórza Krzesławickie,Safe,0.9042742151142887,Krakow
33913,b2a15824-3456-4900-82ed-5911397f37fb,Łagiewniki-Borek Fałęcki,RatherSafe,0.6375176460272283,Krakow
34008,b8cb9107-6b6c-40e1-b504-e8b0bbaec5cb,Bronowice,NotSafe,2.007755274349814,Krakow
34531,2949ef4d-5fec-417e-98b4-175b9869e5a1,Krowodrza,RatherSafe,0.9773544546509687,Krakow
34563,8e58c1a6-50bf-4041-93ea-55e2fa242856,Grzegórzki,RatherSafe,1.0549230543971941,Krakow
34623,66e292d7-157c-4c00-bc28-23bf7197c7b9,Krowodrza,RatherSafe,0.9261661531320096,Krakow
34812,22c3db40-cdb9-4a48-8a64-9469760ee0e6,Stare Miasto,NotSafe,1.076434191189928,Krakow
34922,50a49014-814c-454b-9562-1d2490099847,Podgórze,Safe,1.0184880081501044,Krakow
35081,4cdad9a2-83b9-4a8f-8667-a0fd1492dc8d,Łagiewniki-Borek Fałęcki,RatherSafe,2.7452477865156952,Krakow
35083,b93c6ef7-144f-4945-826c-7453a6e526ed,Prądnik Czerwony,RatherSafe,1.2515871013287445,Krakow
35164,8d10208a-6942-4880-b228-5bd858c8067a,Łagiewniki-Borek Fałęcki,RatherSafe,1.0326133542081102,Krakow
35314,219a9e34-c9ad-4851-ac52-610d8cda41ac,Podgórze,Safe,1.062823337160879,Krakow
35316,219a9e34-c9ad-4851-ac52-610d8cda41ac,Podgórze,Safe,0.27107806143725366,Krakow
35396,89a39291-fb11-4631-84b6-1a36e2aea213,Czyżyny,RatherSafe,1.028018991347934,Krakow
35889,89a78d88-6453-429d-869e-5d301139b814,Mistrzejowice,RatherSafe,3.114136462085113,Krakow
35942,15653cf7-2643-496c-ace3-29987dc36815,Swoszowice,Safe,1.9247626873215788,Krakow
36035,4ce4bd50-4ff0-4d29-bf55-c1ecaf63ee2d,Prądnik Czerwony,RatherSafe,2.3044326705504536,Krakow
36036,4ce4bd50-4ff0-4d29-bf55-c1ecaf63ee2d,Prądnik Czerwony,RatherSafe,1.6887630083531993,Krakow
36037,4ce4bd50-4ff0-4d29-bf55-c1ecaf63ee2d,Prądnik Czerwony,RatherSafe,2.1834026320707407,Krakow
36170,f17a48b4-e7e4-40fa-85c9-7c0906b4a852,Nowa Huta,NotSafe,3.2276112136515924,Krakow
36361,3850f318-1149-45a3-b05c-34c6bf8ded82,Prądnik Czerwony,RatherSafe,2.2807777446752864,Krakow
36442,53bb237a-db59-4185-a932-67a5858c930f,Czyżyny,RatherSafe,2.0046079716010383,Krakow
36498,33132a70-25d5-46a8-ba41-33314fe60731,Prądnik Biały,Safe,2.273968743573488,Krakow
36666,f3eed13c-9db6-40dd-af6a-289c86f43c7d,Podgórze Duchackie,NotSafe,2.273136376565197,Krakow
36891,d9c9f816-948a-42e9-aff8-c5c83e092f53,Prądnik Czerwony,RatherSafe,0.8593066529001895,Krakow
36917,ea9531dd-18fb-4a01-9b6a-910120347a13,Czyżyny,RatherSafe,0.1872514078885463,Krakow
37056,c6d96549-c8e8-4482-9d8d-ce14649abe14,Nowa Huta,NotSafe,1.9480318648193065,Krakow
37142,4756f0e1-c305-4eb6-a889-b8e940ac9d22,Mistrzejowice,RatherSafe,3.3608200655608433,Krakow
37252,c96bbdee-12d2-43b4-a17e-236327d5fdc8,Krowodrza,RatherSafe,1.439830740674601,Krakow
37306,7ef43c3b-0374-4ab9-ac4e-f1a10fd3b299,Podgórze,Safe,3.4708879831607238,Krakow
37360,6b27fb52-066d-4ba9-a443-3a45aca68c0f,Mistrzejowice,RatherSafe,1.9457103743802675,Krakow
37597,9841e22e-ba56-45c0-8afc-50003842fada,Grzegórzki,RatherSafe,0.7574926960050524,Krakow
37653,9137da1d-8abc-41df-a1ef-2fb6adc49726,Bieżanów-Prokocim,Safe,0.8663381277191167,Krakow
37734,ce786e20-7f2a-4332-bf79-986388d93632,Mistrzejowice,RatherSafe,0.6531511922345833,Krakow
37824,3706fc93-0075-476a-83b2-fc148abfd348,Czyżyny,RatherSafe,2.2963303403270463,Krakow
37884,a3fa4f07-0b26-40a7-b9cc-fef970bec3af,Bronowice,NotSafe,3.0691834301451864,Krakow
37884,353b0a9f-1309-4127-a86c-7e5982d2dd77,Nowa Huta,NotSafe,0.31924004465710504,Krakow
37939,ac363aa0-4910-4e54-aeef-05d8f11edb61,Podgórze Duchackie,NotSafe,0.9810181621153017,Krakow
37995,6cfb7a1e-9f1f-4a0c-bf52-9da0936ec7e2,Grzegórzki,RatherSafe,2.255874479324719,Krakow
38099,303ad326-07d6-4a43-978c-6b101114c4a7,Podgórze Duchackie,NotSafe,1.9786101882903868,Krakow
38151,06e188f0-e33b-47c3-8813-4eb489f452da,Grzegórzki,RatherSafe,1.0856998513612541,Krakow
38152,06e188f0-e33b-47c3-8813-4eb489f452da,Grzegórzki,RatherSafe,0.7534566820322509,Krakow
38496,ae4859d9-0dd1-4f5c-b508-47c8f0786b7d,Swoszowice,Safe,1.1377319994261494,Krakow
38579,1e9bc534-5479-4add-a5be-923995236b7e,Bieńczyce,RatherSafe,2.60038627569278,Krakow
38608,97112d9c-b6ba-4575-948c-81d5e01c9085,Łagiewniki-Borek Fałęcki,RatherSafe,0.7524101925748291,Krakow
38854,b7b7352f-332d-4fff-a3e0-e3e926e61c84,Prądnik Czerwony,RatherSafe,2.0937593878465903,Krakow
38885,bab66cd7-2df0-4cf1-915d-06465944e11b,Swoszowice,Safe,1.5179618442291951,Krakow
38969,eba992ea-85a6-41d7-a292-f638ea521252,Nowa Huta,NotSafe,1.8059647058090615,Krakow
38970,eba992ea-85a6-41d7-a292-f638ea521252,Nowa Huta,NotSafe,1.596760434784839,Krakow
39002,ea3e0927-3778-49d0-8ffd-6de6601e288b,Łagiewniki-Borek Fałęcki,RatherSafe,2.1192739775715426,Krakow
39110,95df0683-d7d0-42f7-a1ac-7656de2356d4,Wzgórza Krzesławickie,Safe,1.1716298417839783,Krakow
39192,0baa4675-a08c-4adb-9480-ef277164026e,Nowa Huta,NotSafe,5.099960098692817,Krakow
39248,0885ae9a-8c4a-44f7-b172-dc19485f191b,Dębniki,NotSafe,1.175624350182649,Krakow
39300,06cd5a8a-e091-4d35-8aae-8e7288832fe0,Grzegórzki,RatherSafe,0.8343145494146699,Krakow
39356,1dfac752-b3d7-4387-9b07-5a69c53f3fac,Dębniki,NotSafe,4.011867011802458,Krakow
39622,8676e81e-5812-4dea-913d-8a6c4431a967,Łagiewniki-Borek Fałęcki,RatherSafe,0.5916519532173512,Krakow
39676,fabd0922-b61c-484c-9984-f0bdaa79f57e,Podgórze Duchackie,NotSafe,2.2350519328981107,Krakow
39882,1a15bc0a-5fce-412d-968e-8720564502d2,Zwierzyniec,RatherSafe,5.639714538709712,Krakow
39883,8fb66c30-f735-4e86-89b5-34e193f14b0c,Stare Miasto,NotSafe,0.8361002034070472,Krakow
40146,e67f3891-f4e1-416d-be82-04ddd0fe6199,Swoszowice,Safe,2.0912850546572854,Krakow
40147,b1df7ec1-d305-4b6a-94f6-f31bf3ca9970,Czyżyny,RatherSafe,0.8235557219987818,Krakow
40148,de5ae5a1-6770-4172-902f-fe1a723ac1c8,Czyżyny,RatherSafe,0.5256812719389886,Krakow
40209,3e666f96-7619-41bd-bdef-5ef3c3dcd26f,Prądnik Biały,Safe,0.41404699990675026,Krakow
40261,9f6a3785-524b-48c7-88e5-3e79549e321a,Prądnik Biały,Safe,0.29035873183557903,Krakow
40262,00c262ee-c1a3-4123-bca9-f9b8aa5ae6d1,Nowa Huta,NotSafe,10.579191101262579,Krakow
40287,086f26f9-eb19-48c3-a1c3-10b36b6b7e55,Stare Miasto,NotSafe,0.17555803522698576,Krakow
40289,086f26f9-eb19-48c3-a1c3-10b36b6b7e55,Stare Miasto,NotSafe,1.2346567820654564,Krakow
40290,086f26f9-eb19-48c3-a1c3-10b36b6b7e55,Stare Miasto,NotSafe,1.6255246274772477,Krakow
40291,086f26f9-eb19-48c3-a1c3-10b36b6b7e55,Stare Miasto,NotSafe,1.8462203382061784,Krakow
40292,086f26f9-eb19-48c3-a1c3-10b36b6b7e55,Stare Miasto,NotSafe,1.6985557160717493,Krakow
40293,086f26f9-eb19-48c3-a1c3-10b36b6b7e55,Stare Miasto,NotSafe,1.98283828213922,Krakow
40293,086f26f9-eb19-48c3-a1c3-10b36b6b7e55,Stare Miasto,NotSafe,2.051443284529825,Krakow
40295,086f26f9-eb19-48c3-a1c3-10b36b6b7e55,Stare Miasto,NotSafe,1.582849682272241,Krakow
40322,222456ba-67da-4a04-afc9-1a8225aa6fe4,Dębniki,NotSafe,1.8113078085004557,Krakow
40322,993a4531-be88-402a-8cda-5d09c4df9ac8,Krowodrza,RatherSafe,2.2951947416276344,Krakow
40353,0198076f-6a14-4954-9844-ea3c1d847b29,Czyżyny,RatherSafe,3.538561201007309,Krakow
40498,69c14398-66a6-4a80-bde0-b9716c2877bd,Łagiewniki-Borek Fałęcki,RatherSafe,0.6768900690509854,Krakow
40525,4aec0d65-f1a1-45dd-9f2c-8d9a5f8387a0,Czyżyny,RatherSafe,2.149625568241691,Krakow
40526,4aec0d65-f1a1-45dd-9f2c-8d9a5f8387a0,Czyżyny,RatherSafe,2.1856207646530206,Krakow
40527,4aec0d65-f1a1-45dd-9f2c-8d9a5f8387a0,Czyżyny,RatherSafe,0.23342404269539244,Krakow
40556,4aec0d65-f1a1-45dd-9f2c-8d9a5f8387a0,Czyżyny,RatherSafe,2.3530224397102617,Krakow
40718,1a61ca39-db35-4102-ad1a-8ae9e342cbcc,Podgórze Duchackie,NotSafe,1.1077357417750635,Krakow
40719,53e35415-f5f5-4cff-85b6-5e5fa8bc9be7,Prądnik Czerwony,RatherSafe,2.2223560473885264,Krakow
40906,a497582a-0efa-4d7c-8d86-5d5a62f86351,Łagiewniki-Borek Fałęcki,RatherSafe,0.870578367600929,Krakow
41036,a390c33a-2d53-4e7c-b361-7bb5969376e3,Prądnik Czerwony,RatherSafe,0.6762626598192993,Krakow
41037,bf10b609-62ca-420a-be46-934b7e29f234,Nowa Huta,NotSafe,3.5390029175052247,Krakow
41066,122142a6-3704-4a0a-90b3-db7baef68ef1,Podgórze Duchackie,NotSafe,0.6164287889525116,Krakow
41067,122142a6-3704-4a0a-90b3-db7baef68ef1,Podgórze Duchackie,NotSafe,1.0226198555199395,Krakow
41101,122142a6-3704-4a0a-90b3-db7baef68ef1,Podgórze Duchackie,NotSafe,1.5408875537245097,Krakow
41281,4890bd5e-7d35-482d-bb7b-c56588511a8b,Bronowice,NotSafe,0.6657581622670734,Krakow
41306,5f21ab51-0b43-471b-a4e9-114a6e8a9d40,Zwierzyniec,RatherSafe,2.5685601251750234,Krakow
41332,f8794126-50c0-4f29-b9c5-88bd82c463ce,Bieńczyce,RatherSafe,3.302969815253226,Krakow
41439,99161c8c-89ff-47f6-bbf8-a5330764376c,Łagiewniki-Borek Fałęcki,RatherSafe,1.3213996789690516,Krakow
41470,99161c8c-89ff-47f6-bbf8-a5330764376c,Łagiewniki-Borek Fałęcki,RatherSafe,2.9695604312669457,Krakow
41498,dc088d4a-96e2-4204-9360-a83087a0ba92,Prądnik Czerwony,RatherSafe,1.5493347013062508,Krakow
41527,dc088d4a-96e2-4204-9360-a83087a0ba92,Prądnik Czerwony,RatherSafe,3.4405989026218045,Krakow
41586,835ea37d-8f5c-4917-9246-0e3428764c85,Nowa Huta,NotSafe,8.34126755262126,Krakow
41846,dc088d4a-96e2-4204-9360-a83087a0ba92,Prądnik Czerwony,RatherSafe,3.54067050142799,Krakow
42108,326d40c3-b9f3-43ef-ba0e-35908c634ee8,Dębniki,NotSafe,5.710459537045373,Krakow
42163,b2da4103-a3ad-4d59-8156-537dfb77c6e5,Swoszowice,Safe,5.227535112374509,Krakow
42217,3a263be2-81be-4fee-a855-b6da7c117315,Bronowice,NotSafe,5.8292492156774465,Krakow
42245,b53f623e-5b52-412c-aa60-772c04fb6ebf,Podgórze Duchackie,NotSafe,5.140301603824745,Krakow
42455,dc8edb26-7d22-48ed-8766-6f1f8cf79b3a,Mistrzejowice,RatherSafe,1.4996396226498603,Krakow
42536,0d07d279-6277-432a-af98-3e45f866f3df,Nowa Huta,NotSafe,0.9633934725477945,Krakow
42538,cbb29e5d-b3fe-452f-b5b9-b95c96f4bbad,Krowodrza,RatherSafe,1.1071293938426316,Krakow
42614,9703d639-7ac1-40f6-9961-81b20ed66cc5,Wzgórza Krzesławickie,Safe,4.887547251690684,Krakow
42616,275eb939-94c0-4b73-8da0-ba91c8009528,Krowodrza,RatherSafe,2.3894229037256203,Krakow
42669,dc077165-4138-4808-b417-955620033188,Bieńczyce,RatherSafe,1.6727902323984418,Krakow
42670,dc077165-4138-4808-b417-955620033188,Bieńczyce,RatherSafe,3.297656611988578,Krakow
42697,4112545e-d446-46f6-8936-b324ff7ed824,Łagiewniki-Borek Fałęcki,RatherSafe,2.2392009258669314,Krakow
42724,373f53c7-b34a-46e6-a502-fc2be8dd22ee,Podgórze Duchackie,NotSafe,2.768610710414492,Krakow
42775,7f46782a-b0ec-4fdf-9603-fd5c711b38cc,Mistrzejowice,RatherSafe,5.677909978207093,Krakow
42777,20648ce4-81a4-4882-9d30-e80cec4dc50c,Prądnik Czerwony,RatherSafe,5.161814521172105,Krakow
42938,6b98217b-e5ba-4d3e-a11f-801aec823fd5,Dębniki,NotSafe,6.622439584582434,Krakow
43016,dc077165-4138-4808-b417-955620033188,Bieńczyce,RatherSafe,3.3647131487025375,Krakow
43049,dc077165-4138-4808-b417-955620033188,Bieńczyce,RatherSafe,3.577116017502953,Krakow
43050,9a5ff55f-7657-4579-b980-95cd74710c59,Wzgórza Krzesławickie,Safe,13.034573561305786,Krakow
43131,83c34918-d0af-4159-b1b9-3e90b10d82ac,Zwierzyniec,RatherSafe,2.631990910399304,Krakow
43463,61073252-6fa5-4825-8e21-258eff9b9a53,Dębniki,NotSafe,6.545233552689477,Krakow
43489,43329326-fd46-4668-a5f9-e5818566e887,Zwierzyniec,RatherSafe,11.872120969283285,Krakow
43569,0d07d279-6277-432a-af98-3e45f866f3df,Nowa Huta,NotSafe,3.370659477129872,Krakow
43676,044c628a-a511-41ba-8594-4eeed7264d19,Krowodrza,RatherSafe,7.491790277292915,Krakow
43728,850c6a83-b5fb-4aa4-b3e8-aadaed0f037e,Stare Miasto,NotSafe,3.2685258196746485,Krakow
43729,98b1e05d-722f-4094-92ea-0b911e1895cd,Nowa Huta,NotSafe,6.319141419402805,Krakow
43812,c2cf44ee-c93f-4ac8-89fb-fb13816d3b34,Bronowice,NotSafe,7.555641172465273,Krakow
44017,acbe9300-4e53-44bb-b74a-831b173b82e5,Swoszowice,Safe,4.568969112898939,Krakow
44046,9b47c631-305a-4eba-bbb9-5f9b8562227a,Stare Miasto,NotSafe,3.966639405401867,Krakow
44046,6782ac3d-42f3-4df0-85a1-207c035767bf,Prądnik Czerwony,RatherSafe,4.597241002153539,Krakow
44159,bf4d5556-7df3-4ad3-9db7-a52988a9dd2f,Podgórze Duchackie,NotSafe,3.9668578189907504,Krakow
44294,cf6c123b-c5be-4012-80c7-8b8c7795ff55,Swoszowice,Safe,1.3985545735275113,Krakow
44572,dc64f13e-4140-4f46-9174-b46af42ae1e2,Nowa Huta,NotSafe,7.436220505784829,Krakow
44574,a79f7291-57c2-473f-882f-eb467f6eefcf,Zwierzyniec,RatherSafe,3.2992303997823376,Krakow
44867,d216dbfb-f55a-4fec-b541-adf0df0b7496,Nowa Huta,NotSafe,1.725627252490623,Krakow
44894,929a5f2c-00ba-4df6-b348-288fd44be7a0,Stare Miasto,NotSafe,2.684909290012541,Krakow
44895,7e3d89b0-923b-44f0-a446-a483935aa959,Czyżyny,RatherSafe,0.29020943124108306,Krakow
45140,0d07d279-6277-432a-af98-3e45f866f3df,Nowa Huta,NotSafe,3.4252367121687324,Krakow
45459,5676ac2e-e001-41ff-a746-d0212b446614,Zwierzyniec,RatherSafe,3.5812243237847095,Krakow
45556,c988b54d-035c-41ea-8815-fba008190b62,Prądnik Czerwony,RatherSafe,1.0482591190354673,Krakow
45688,421d9557-3389-4a9a-ad8c-a42b64694400,Bronowice,NotSafe,2.3468628221416683,Krakow
45718,3fa6a294-66c2-4c55-8bc9-125c2eb31c6c,Zwierzyniec,RatherSafe,3.491164607606596,Krakow
45772,3fa6a294-66c2-4c55-8bc9-125c2eb31c6c,Zwierzyniec,RatherSafe,2.7885340363913427,Krakow
46000,cc9e7980-2b24-4a00-8a30-9046e06f39c4,Grzegórzki,RatherSafe,1.0648062642410958,Krakow
46105,274cbecc-fedf-4faa-ac3f-b96489a8949d,Krowodrza,RatherSafe,2.044200852901457,Krakow
46193,67a569fd-3bcc-4c85-8894-469a4083b966,Bronowice,NotSafe,3.4705298038026418,Krakow
46194,67a569fd-3bcc-4c85-8894-469a4083b966,Bronowice,NotSafe,3.371089402461046,Krakow
46195,67a569fd-3bcc-4c85-8894-469a4083b966,Bronowice,NotSafe,3.226620235509691,Krakow
46276,9d3149db-7886-48da-91dd-fed2c96bfb0f,Nowa Huta,NotSafe,0.7841669404558186,Krakow
46585,de2acfa7-295d-4438-8491-83852c7e7887,Prądnik Biały,Safe,0.4794912511052056,Krakow
46617,508223ad-3dc2-4ce9-b78b-612e7d7d691a,Podgórze,Safe,1.5689875372369793,Krakow
46646,48d25e71-b5e8-494a-91d2-e0f250f882e6,Bieżanów-Prokocim,Safe,2.3081766929614354,Krakow
46806,d54e418b-ce93-43e3-abb4-c05eb23c804e,Stare Miasto,NotSafe,0.3027864846656703,Krakow
46996,b3b637ac-6192-497a-8fbc-86da53a392f3,Podgórze Duchackie,NotSafe,0.6715412432907835,Krakow
47218,c5ca6f1c-d342-44b6-aac1-36c8ff7c7a5e,Bronowice,NotSafe,2.5165962528952224,Krakow
47671,59bafb35-32ff-4a35-9729-4892fb238077,Czyżyny,RatherSafe,1.8766607638996922,Krakow
47754,4bdb9f5f-395d-4702-aed2-a77de43ca03d,Podgórze Duchackie,NotSafe,0.7619403849077722,Krakow
47754,4bdb9f5f-395d-4702-aed2-a77de43ca03d,Podgórze Duchackie,NotSafe,0.8265614671275832,Krakow
47756,4bdb9f5f-395d-4702-aed2-a77de43ca03d,Podgórze Duchackie,NotSafe,0.488336731396701,Krakow
47817,4da852e9-1a54-41ce-86e8-3916c8559fe2,Bieńczyce,RatherSafe,1.17933280569061,Krakow
47958,b4b7ab65-3c1c-4cc4-935a-efb1944ecb3b,Czyżyny,RatherSafe,1.0464512975579907,Krakow
47959,542549df-a136-49b3-a384-cf499ff7ae83,Podgórze Duchackie,NotSafe,0.691796634269118,Krakow
48099,fbb97037-a14d-4b5e-acb7-3dc92b7fc345,Łagiewniki-Borek Fałęcki,RatherSafe,0.9127978818471486,Krakow
48129,c6b90d6a-e191-41e5-9580-42729e00f2e6,Podgórze Duchackie,NotSafe,2.3257340058750433,Krakow
48192,a1b8cc61-c2e2-4164-8fb3-f9d81ad47226,Prądnik Biały,Safe,2.553363023442999,Krakow
48221,0414ba61-97c8-4351-a930-2c2937075229,Swoszowice,Safe,2.201394919817769,Krakow
48222,8cb07c8b-7e1e-4fc4-9f2d-b271d1e9a3ef,Bieńczyce,RatherSafe,1.132230060297974,Krakow
48353,023d737a-6966-4765-89c7-0fa38639b1dd,Łagiewniki-Borek Fałęcki,RatherSafe,0.44547442669646053,Krakow
48431,b2d92f00-eddd-4f17-a03b-4c52c57edb72,Krowodrza,RatherSafe,0.8016698539924026,Krakow
48565,b75a1c80-191b-4aef-b572-c3f6f31397ca,Podgórze,Safe,2.2242915868770043,Krakow
48596,22c3f4fe-7315-4162-b913-e8e4c4ff8247,Zwierzyniec,RatherSafe,4.2558102552745165,Krakow
48656,84dd18c0-b5b3-4129-87e2-5c05d6897d62,Swoszowice,Safe,1.8013956193824836,Krakow
48657,a26e1c72-e426-48d5-88f9-b69ae201ff85,Wzgórza Krzesławickie,Safe,3.8669511480222822,Krakow
48825,6f84f22b-0a7d-47f4-9690-9070ae4e7896,Grzegórzki,RatherSafe,0.6600880171882465,Krakow
48852,d048f4dc-e185-4e96-983c-5f3e2919947a,Prądnik Biały,Safe,3.4220095708006877,Krakow
48957,5f28a47c-5e1d-488a-8e16-438ddd8e78e7,Bieżanów-Prokocim,Safe,1.4402464555321928,Krakow
49011,bf93559b-0fea-4ff4-853c-0d5f78346316,Zwierzyniec,RatherSafe,7.107635640554859,Krakow
49038,d048f4dc-e185-4e96-983c-5f3e2919947a,Prądnik Biały,Safe,3.495849897060635,Krakow
49038,9723fc0c-2faa-4831-af9a-925363b69220,Grzegórzki,RatherSafe,0.12667787462007693,Krakow
49413,c3093864-6e05-45e9-b62e-92f66875a99d,Prądnik Czerwony,RatherSafe,0.4894100998723288,Krakow
49439,1bf141fd-9fed-4770-8b2f-bfe249c7f4c8,Podgórze Duchackie,NotSafe,1.638364755206051,Krakow
49549,18084377-7c0d-493e-ac32-d80af36a9d77,Bieńczyce,RatherSafe,0.7511352680086361,Krakow
49579,f00a1b3d-f508-4fc8-90a0-fc02eb0eba0e,Krowodrza,RatherSafe,0.6212386438864378,Krakow
49618,a463fbe5-3dad-4a27-9731-841203375e41,Bronowice,NotSafe,3.1953724230069627,Krakow
49648,2139386a-1a2b-4006-8930-fabe0fa33936,Podgórze,Safe,0.3966440398027003,Krakow
49921,e17c64a3-1879-4ff1-8de1-a7099f1fd5b9,Grzegórzki,RatherSafe,0.7847052591766603,Krakow
50259,e6cb22c7-cf0e-4e73-b5ca-b66e2facbef2,Prądnik Czerwony,RatherSafe,1.482794559668223,Krakow
50260,e6cb22c7-cf0e-4e73-b5ca-b66e2facbef2,Prądnik Czerwony,RatherSafe,2.039332747143692,Krakow
50291,e6cb22c7-cf0e-4e73-b5ca-b66e2facbef2,Prądnik Czerwony,RatherSafe,2.587616344743962,Krakow
50292,e6cb22c7-cf0e-4e73-b5ca-b66e2facbef2,Prądnik Czerwony,RatherSafe,2.9464377897261134,Krakow
50293,e6cb22c7-cf0e-4e73-b5ca-b66e2facbef2,Prądnik Czerwony,RatherSafe,3.0166035890673775,Krakow
50294,e6cb22c7-cf0e-4e73-b5ca-b66e2facbef2,Prądnik Czerwony,RatherSafe,2.478361290116251,Krakow
50295,e6cb22c7-cf0e-4e73-b5ca-b66e2facbef2,Prądnik Czerwony,RatherSafe,3.1839234207691947,Krakow
50296,e6cb22c7-cf0e-4e73-b5ca-b66e2facbef2,Prądnik Czerwony,RatherSafe,3.052105073596844,Krakow
50329,bffe7c16-89a8-443c-a70a-86c34a1237fb,Krowodrza,RatherSafe,1.2239797978718188,Krakow
50329,7a705971-4924-425a-8139-7179142b0513,Bronowice,NotSafe,2.2694115958633816,Krakow
50358,0c40019c-acfd-4766-a5c9-51ff9a52905a,Prądnik Biały,Safe,2.685084104069095,Krakow
50418,bd5a2da3-d602-4567-94b4-cc251fcbdaff,Mistrzejowice,RatherSafe,4.683812000832187,Krakow
50473,6baff684-831f-49bf-8e91-7ca6f204f5dc,Krowodrza,RatherSafe,1.0058139105056192,Krakow
50672,beac743f-3e52-4484-a830-399a1a50add1,Bieńczyce,RatherSafe,1.9063284673700975,Krakow
50698,53adfa67-2014-47b0-a6b6-0d1cce093500,Prądnik Czerwony,RatherSafe,1.94985526184216,Krakow
50752,4c2f0f9f-6866-4933-86c8-9ded0aa3cae4,Nowa Huta,NotSafe,0.4403508625495373,Krakow
51110,8e21bf53-2685-4bee-b067-e0fb72c45b6b,Zwierzyniec,RatherSafe,3.5128635932372356,Krakow
51255,6b4265b2-8b5a-4938-a39e-e06cdc988128,Bieżanów-Prokocim,Safe,2.4689745482350896,Krakow
51364,93742fab-7f33-4f6a-9c03-19e06bd44f8e,Nowa Huta,NotSafe,6.53038973194037,Krakow
51443,85a3e1a4-d57b-4256-a06d-4419a969948e,Podgórze,Safe,1.0087365585470822,Krakow
51498,a9399539-b087-4288-a9c8-98822af7b673,Mistrzejowice,RatherSafe,0.45104628296098626,Krakow
51580,6824cabf-2b9c-4c47-8777-95259d20c277,Zwierzyniec,RatherSafe,1.6525457396479126,Krakow
51671,b7d86323-d09a-44e9-917a-8032dd709bf7,Mistrzejowice,RatherSafe,1.4022364361887674,Krakow
51979,8551fdf6-aa95-47a6-b649-4780370385d0,Swoszowice,Safe,1.8579049586439005,Krakow
52063,01ae6a96-56f6-4bdf-a99b-4e748ef84920,Zwierzyniec,RatherSafe,1.20007311534831,Krakow
52064,01ae6a96-56f6-4bdf-a99b-4e748ef84920,Zwierzyniec,RatherSafe,2.301114037903223,Krakow
52064,01ae6a96-56f6-4bdf-a99b-4e748ef84920,Zwierzyniec,RatherSafe,2.2946888278159716,Krakow
52495,28ec4534-ccd8-4a94-8004-f7400e65411e,Nowa Huta,NotSafe,2.2460362763716035,Krakow
52579,3ae7937a-0c69-4185-9117-5410f15287f3,Nowa Huta,NotSafe,0.9033572166479071,Krakow
52685,4a6647b5-b57d-462f-8ae0-eb4f46059bd8,Mistrzejowice,RatherSafe,1.522022796282356,Krakow
52686,b1cca585-06d8-461d-ae36-ef16446c155b,Podgórze Duchackie,NotSafe,2.3611194807589495,Krakow
52996,504a6965-7700-4389-8b8a-f1b2d27afcd9,Czyżyny,RatherSafe,1.6802233278278982,Krakow
53134,f7578d92-5fd5-4998-83b6-23e6f65f40ed,Zwierzyniec,RatherSafe,1.966991963765664,Krakow
53164,01745a95-dd46-4a0f-92d2-931b1deda74f,Wzgórza Krzesławickie,Safe,0.9815697347185063,Krakow
53303,ad65a6ff-b2f7-4002-8772-0371f59a7881,Podgórze Duchackie,NotSafe,0.5631177590844345,Krakow
53329,9308cbd6-bd67-4154-adb6-cc4fba69cd95,Prądnik Biały,Safe,2.426377105031343,Krakow
53489,fdf5c245-dd07-47ff-b0c8-6d755be038a6,Bronowice,NotSafe,2.631788243756549,Krakow
53490,e38d0c3c-7762-4519-96f8-a06d49913ef8,Bieńczyce,RatherSafe,1.0500815197138684,Krakow
53691,fc63a1bb-d96b-4927-90cf-de9e88f80aed,Swoszowice,Safe,2.2414974125041223,Krakow
53769,d4389a18-95a3-4a2c-825c-c323e10bba13,Podgórze Duchackie,NotSafe,1.0062295807750823,Krakow
53770,b28e764c-0830-4753-8079-76d6f5da8cb4,Podgórze Duchackie,NotSafe,1.1227547348244982,Krakow
53823,83671684-25c4-41cd-b245-337f5225148f,Bronowice,NotSafe,3.4970733286045843,Krakow
53824,83671684-25c4-41cd-b245-337f5225148f,Bronowice,NotSafe,3.4681121741254155,Krakow
53826,83671684-25c4-41cd-b245-337f5225148f,Bronowice,NotSafe,2.6887367913224494,Krakow
53956,35e7ad59-aab0-4c14-b75d-52718e22d6d2,Bieńczyce,RatherSafe,1.729320613503591,Krakow
54065,086c69cc-a48e-4923-955e-0532e5e351c1,Mistrzejowice,RatherSafe,0.7020710330446933,Krakow
54066,25399163-9c4d-4394-b378-3ab1819aedb4,Dębniki,NotSafe,3.1713091114657224,Krakow
54095,00abd9ed-b5a1-4319-9ab1-d71b408d25c4,Krowodrza,RatherSafe,1.5044340563773693,Krakow
54125,aec63259-2dca-48ed-91ec-36e1c7a69be4,Grzegórzki,RatherSafe,0.76034410995314,Krakow
54254,199c6f96-5123-44fa-956f-47c37dbd4b37,Zwierzyniec,RatherSafe,2.372332959567378,Krakow
54309,1f07a067-297c-4767-8fe0-e9371db4b422,Bronowice,NotSafe,2.584754106211306,Krakow
54362,c5ab2863-1a24-491a-bcef-1b2a0289f1e2,Bronowice,NotSafe,4.300283669529778,Krakow
54501,64311795-004e-46ff-b2e7-d5efbffea01a,Krowodrza,RatherSafe,0.8652256009202822,Krakow
54581,626bbdfd-5b9d-4067-a57c-c1e8536fafb4,Zwierzyniec,RatherSafe,3.430114681677026,Krakow
54701,099273b8-c28a-4305-acf2-6fee81249ecb,Stare Miasto,NotSafe,2.317121115453735,Krakow
54997,4e79d866-d96f-49c7-b7b5-e876fc501d5a,Wzgórza Krzesławickie,Safe,2.902302114937853,Krakow
55438,8fbf5f27-ec82-4b9f-a41b-0e78fe647e7e,Mistrzejowice,RatherSafe,0.42052108945969047,Krakow
55490,4e3b577b-86ea-407b-94f4-f536aaa829d1,Bieżanów-Prokocim,Safe,1.609746585033632,Krakow
55579,f02e13f4-0c64-477e-b6db-d2d010f5b73a,Podgórze Duchackie,NotSafe,2.087135641339144,Krakow
55667,5afbd9af-f20e-4456-8982-d1c105b03500,Stare Miasto,NotSafe,1.1274345341468466,Krakow
55752,615ecc24-8b73-4529-ab39-1321d9bda072,Bronowice,NotSafe,2.34596074402396,Krakow
56123,66efe481-4adc-40a6-a8df-bcecad3d1a8e,Mistrzejowice,RatherSafe,1.4641003447950003,Krakow
56124,66efe481-4adc-40a6-a8df-bcecad3d1a8e,Mistrzejowice,RatherSafe,3.233352905335641,Krakow
56125,66efe481-4adc-40a6-a8df-bcecad3d1a8e,Mistrzejowice,RatherSafe,2.754171031620287,Krakow
56208,66efe481-4adc-40a6-a8df-bcecad3d1a8e,Mistrzejowice,RatherSafe,3.3974883645045084,Krakow
56620,da7aba40-62ed-42b9-bc6f-94a3cb333e33,Krowodrza,RatherSafe,0.8349341766860643,Krakow
56649,08c6e3d4-0fb1-4876-81d1-6d8865201c69,Zwierzyniec,RatherSafe,4.067654484734491,Krakow
57037,33efe2a7-374c-44a8-acbe-3c7e0b9b967b,Prądnik Biały,Safe,0.6303929644862116,Krakow
57089,dbdde810-9f2a-4d3e-afec-e5a426a9302c,Bronowice,NotSafe,4.740197895489576,Krakow
57278,31cb97e4-94b6-4d7a-98e0-52edd5562fd7,Mistrzejowice,RatherSafe,1.1137045958919134,Krakow
57798,57c0dc90-e886-4085-8448-4f707b9d690c,Prądnik Biały,Safe,3.9834586702357178,Krakow
57799,9988c559-a919-496c-a491-0b28c58358f4,Krowodrza,RatherSafe,2.5278808660017336,Krakow
58133,b82cac63-0d4e-4ae2-83e6-6734547192c0,Grzegórzki,RatherSafe,0.5071538717613572,Krakow
58185,79a6387b-3b7a-46d7-8631-ffe6d9c37343,Bieżanów-Prokocim,Safe,1.77381663338297,Krakow
58549,f21c5a39-e316-4a4b-bde7-b72a6402c304,Krowodrza,RatherSafe,1.1600411789799154,Krakow
58723,23a004bd-1520-4000-9e21-fed40a438c0c,Nowa Huta,NotSafe,2.1467018123696175,Krakow
58753,c6722904-111e-481b-9322-2ae816dc640d,Podgórze Duchackie,NotSafe,0.6167058153890582,Krakow
58981,4452a90b-ca4e-46fa-899e-7556b687d902,Bieżanów-Prokocim,Safe,0.9533416282197462,Krakow
58982,4452a90b-ca4e-46fa-899e-7556b687d902,Bieżanów-Prokocim,Safe,0.6372153514722056,Krakow
59108,0e6e80a7-41ea-4fe1-92bb-7f26a8844c12,Bieńczyce,RatherSafe,2.316506470181114,Krakow
59139,a5798ad5-f132-4712-9883-cfcefa961806,Zwierzyniec,RatherSafe,0.9750246045520855,Krakow
59203,510c264c-bd01-47cd-840a-a5d4fa8fbaf9,Podgórze,Safe,1.1539309675151792,Krakow
59233,41695989-c2b3-43bb-840f-04bdef23f57d,Prądnik Czerwony,RatherSafe,1.7419351339607687,Krakow
59501,b28e29cf-eb15-4669-8095-09579ed88d1e,Prądnik Czerwony,RatherSafe,1.120809898101788,Krakow
59529,c0312b3d-4dcf-4737-a1b7-6ffe0b4d64f5,Stare Miasto,NotSafe,1.095240547699139,Krakow
59590,5b05b9a1-b3f4-4245-8eae-ce2adf32d647,Podgórze Duchackie,NotSafe,2.342565014968801,Krakow
59592,5b05b9a1-b3f4-4245-8eae-ce2adf32d647,Podgórze Duchackie,NotSafe,1.2644758882135756,Krakow
59593,5b05b9a1-b3f4-4245-8eae-ce2adf32d647,Podgórze Duchackie,NotSafe,2.3106173364932188,Krakow
59623,5b05b9a1-b3f4-4245-8eae-ce2adf32d647,Podgórze Duchackie,NotSafe,2.875605867264182,Krakow
59624,5b05b9a1-b3f4-4245-8eae-ce2adf32d647,Podgórze Duchackie,NotSafe,3.5150191077066766,Krakow
59767,8eb4cee0-a18b-4b90-880f-5b1c77c52848,Podgórze Duchackie,NotSafe,1.612387190123984,Krakow
59768,c2c54bb7-5857-4bcd-9871-7391454256eb,Bieńczyce,RatherSafe,0.6238101684400132,Krakow
59934,33dea215-7e66-41ae-bc0c-44a01dd11d83,Podgórze Duchackie,NotSafe,2.3360568675632356,Krakow
59999,4a3c2d27-305d-4cc0-8598-06634bf40959,Podgórze Duchackie,NotSafe,2.0603208798185344,Krakow
60361,47604763-705e-4f57-8c35-9f8e21d8328c,Zwierzyniec,RatherSafe,1.54158581075205,Krakow
60361,07d768c0-2db3-4882-bb9b-39d7f229c908,Grzegórzki,RatherSafe,1.1667330250037953,Krakow
60706,5963046f-6256-4955-918f-93eb288e8acc,Zwierzyniec,RatherSafe,4.413900530423741,Krakow
60977,19d2547c-861a-474e-bffa-23f451e3cdb6,Grzegórzki,RatherSafe,0.6184534215232201,Krakow
60978,9e1968c2-8204-42de-9be5-ac25ae86f735,Stare Miasto,NotSafe,0.64331390511901,Krakow
61258,3bb96f31-d57a-48c7-8823-c52a8aab8185,Bronowice,NotSafe,0.4877713425943555,Krakow
61287,bccd1fdd-ee10-46e2-9f82-55a6c170f4fa,Dębniki,NotSafe,3.6227119843252265,Krakow
61288,779d9c6b-57a9-4b75-a736-59bee5275f77,Bronowice,NotSafe,3.043022551832876,Krakow
61371,3cb94cbe-0c75-4783-aaf2-01ee6c8b083d,Nowa Huta,NotSafe,2.0794847453488843,Krakow
61430,906d037c-8f2b-4101-ab1a-259f332863d9,Krowodrza,RatherSafe,1.160195483941055,Krakow
61713,c6cd78c3-7125-4338-9d8f-da7aed7fa883,Stare Miasto,NotSafe,0.485111389092862,Krakow
61850,bbc33278-f26d-48d5-9050-e6c74f9a7195,Dębniki,NotSafe,1.2196112798956456,Krakow
61876,4fa453ee-64a5-43e8-95bc-91babd8f4523,Stare Miasto,NotSafe,1.982114908417397,Krakow
62021,6e548727-f552-4c9e-b2da-88c8089a3527,Grzegórzki,RatherSafe,0.5767441634449925,Krakow
62051,656eae55-7149-4c93-920f-69cbf11d0f34,Dębniki,NotSafe,1.1441858977298447,Krakow
62052,ace42275-9ccb-46e2-b128-1e750fb59297,Podgórze Duchackie,NotSafe,1.198778683308729,Krakow
62079,2676e112-4704-4b93-a2f1-a492d10e665b,Podgórze Duchackie,NotSafe,0.8234191519912838,Krakow
62195,731a9b59-eef0-4e33-a5a3-a18199905f84,Grzegórzki,RatherSafe,0.9694302344907407,Krakow
62196,731a9b59-eef0-4e33-a5a3-a18199905f84,Grzegórzki,RatherSafe,0.3619189055701932,Krakow
62198,731a9b59-eef0-4e33-a5a3-a18199905f84,Grzegórzki,RatherSafe,0.5168751408014035,Krakow
62478,6eae6744-07df-4a49-8aa8-1a709537a7f3,Łagiewniki-Borek Fałęcki,RatherSafe,2.059750589160746,Krakow
62535,d94522c9-214e-4136-b896-c523a535ef08,Dębniki,NotSafe,1.5107647892745022,Krakow
62537,d94522c9-214e-4136-b896-c523a535ef08,Dębniki,NotSafe,2.8500825401280783,Krakow
62667,a6865754-d67a-4574-91c0-27c1cafce0d8,Podgórze Duchackie,NotSafe,0.6797849806638252,Krakow
62695,066f0e99-6943-437e-986c-23e41f8f19cf,Stare Miasto,NotSafe,0.23993870271043014,Krakow
62782,159d10cb-6488-48cf-b3fa-8b3265995250,Zwierzyniec,RatherSafe,0.3185128420102483,Krakow
62860,d94522c9-214e-4136-b896-c523a535ef08,Dębniki,NotSafe,3.5468968574846396,Krakow
62861,1f23d8bc-e070-480c-915f-8da3eb664137,Nowa Huta,NotSafe,2.7262275555223603,Krakow
62893,d94522c9-214e-4136-b896-c523a535ef08,Dębniki,NotSafe,3.532594779282986,Krakow
62894,d94522c9-214e-4136-b896-c523a535ef08,Dębniki,NotSafe,3.5082218429649408,Krakow
62923,976f3262-1b6e-4a4b-996c-ada28396a6eb,Prądnik Czerwony,RatherSafe,1.0978002623674388,Krakow
62949,174d0636-9464-4b55-b3e5-2b6d2380ad85,Podgórze Duchackie,NotSafe,0.5243018343936827,Krakow
63139,591d5bcf-ac94-44f8-b243-314c2146f9a3,Nowa Huta,NotSafe,1.1871136814085803,Krakow
63194,ff423dfc-6ed2-486d-97f1-e01a65706622,Bronowice,NotSafe,1.0116368919312921,Krakow
63246,afc4092b-328e-4657-91db-c9f013aa9beb,Stare Miasto,NotSafe,0.5739853338505185,Krakow
63531,cf15fd27-be6e-406a-b8a9-21dca0a4134d,Stare Miasto,NotSafe,0.727614126816822,Krakow
63532,cf15fd27-be6e-406a-b8a9-21dca0a4134d,Stare Miasto,NotSafe,0.6878861442745252,Krakow
63533,d040d5e6-9096-424a-a6a4-e15608a2a6c4,Bronowice,NotSafe,2.6309996262898068,Krakow
63534,d040d5e6-9096-424a-a6a4-e15608a2a6c4,Bronowice,NotSafe,3.2658765980799345,Krakow
63535,d040d5e6-9096-424a-a6a4-e15608a2a6c4,Bronowice,NotSafe,3.3451449451211643,Krakow
63645,14a2d050-8685-4345-94db-d1b62ef325e5,Prądnik Biały,Safe,3.8927445327977934,Krakow
63784,d040d5e6-9096-424a-a6a4-e15608a2a6c4,Bronowice,NotSafe,3.373780773390179,Krakow
63866,3aa4b251-e88d-4c3e-b987-aa5f313831a1,Nowa Huta,NotSafe,0.7162574232790124,Krakow
63893,d040d5e6-9096-424a-a6a4-e15608a2a6c4,Bronowice,NotSafe,3.55317911190632,Krakow
63894,6ebb2b73-f0ca-43aa-ab31-23725bb48ada,Podgórze Duchackie,NotSafe,2.2695185772833657,Krakow
63896,fd70c265-6192-4ab9-94be-ec21e2aace1b,Stare Miasto,NotSafe,1.9043219753592902,Krakow
63925,6ebb2b73-f0ca-43aa-ab31-23725bb48ada,Podgórze Duchackie,NotSafe,3.286459154264403,Krakow
63926,6ebb2b73-f0ca-43aa-ab31-23725bb48ada,Podgórze Duchackie,NotSafe,3.1281668190001204,Krakow
63927,6ebb2b73-f0ca-43aa-ab31-23725bb48ada,Podgórze Duchackie,NotSafe,3.5733518909585524,Krakow
63929,6ebb2b73-f0ca-43aa-ab31-23725bb48ada,Podgórze Duchackie,NotSafe,2.5634785146220476,Krakow
64040,0e77e0c5-6f55-4636-b92e-d8202b9d2a18,Nowa Huta,NotSafe,1.0646442983078608,Krakow
64180,7705c76b-ce7f-4384-aa40-1f0a16c6332c,Krowodrza,RatherSafe,2.334191554274209,Krakow
64209,9b8d8b2e-f1c0-4ffc-8afd-e75205032328,Łagiewniki-Borek Fałęcki,RatherSafe,0.2046610816779638,Krakow
64240,a02fcddb-af1d-499d-afb6-3434d3b669e8,Prądnik Czerwony,RatherSafe,2.3204960886560277,Krakow
64459,1bf302be-70f5-4ba7-a405-3ed2c00496e8,Bronowice,NotSafe,4.102117958223851,Krakow
64487,c504f511-7944-49bd-bf80-7ae029893627,Prądnik Biały,Safe,2.6324776203508455,Krakow
64541,b52ea0f4-7a2a-4c19-93d8-36a14f2e892c,Bieżanów-Prokocim,Safe,1.1367536820235509,Krakow
64569,c52f25de-d795-4427-bfc2-16505b1c0e40,Podgórze Duchackie,NotSafe,1.1715060656637926,Krakow
64622,c594eb57-6b88-419f-a61f-727e013ce978,Krowodrza,RatherSafe,3.077297397937717,Krakow
64624,c594eb57-6b88-419f-a61f-727e013ce978,Krowodrza,RatherSafe,1.0071192657976153,Krakow
64625,c594eb57-6b88-419f-a61f-727e013ce978,Krowodrza,RatherSafe,2.2220851173376657,Krakow
64746,bc7ff1d4-d245-484f-aca1-3c146e2d1bfd,Mistrzejowice,RatherSafe,2.8979997836497775,Krakow
64878,24f83730-727f-41f8-b642-9bc3afee44f7,Nowa Huta,NotSafe,1.0608875778070226,Krakow
64880,24f83730-727f-41f8-b642-9bc3afee44f7,Nowa Huta,NotSafe,2.201462401563644,Krakow
64881,24f83730-727f-41f8-b642-9bc3afee44f7,Nowa Huta,NotSafe,1.893071704566756,Krakow
65016,dbb1ce67-ad43-4d1a-8f77-d0ccb01810e3,Bronowice,NotSafe,2.7208475294369756,Krakow
65209,24f83730-727f-41f8-b642-9bc3afee44f7,Nowa Huta,NotSafe,3.4223724895520067,Krakow
65235,24f83730-727f-41f8-b642-9bc3afee44f7,Nowa Huta,NotSafe,3.4453849686975317,Krakow
65288,5dd9a4be-ae38-4fca-afde-2e4e1cec6dca,Podgórze Duchackie,NotSafe,0.9142140345664421,Krakow
65370,7856d11b-94c1-49c4-869c-a3e2850e162f,Czyżyny,RatherSafe,2.1974746378829884,Krakow
65371,01d96592-1438-4844-8b76-ef5550bc3280,Podgórze Duchackie,NotSafe,1.4400073384140477,Krakow
65568,6cfe5f25-1c17-4051-9ceb-28f14f3e8e55,Bieżanów-Prokocim,Safe,0.19638718634772864,Krakow
65731,c98edfa7-9b85-4af1-bd3c-919fccb47fce,Podgórze Duchackie,NotSafe,0.7818668452870541,Krakow
65868,c6d57575-0cec-4a0e-ba19-3aea98e7683f,Mistrzejowice,RatherSafe,1.9262613381844418,Krakow
66023,b774164b-d742-4690-a465-2d6e8b2d95fc,Podgórze Duchackie,NotSafe,0.8922532243474162,Krakow
66052,b774164b-d742-4690-a465-2d6e8b2d95fc,Podgórze Duchackie,NotSafe,1.4494531107723736,Krakow
66053,ac7ee647-b29c-40b1-81cc-30910df1069a,Wzgórza Krzesławickie,Safe,4.656628667330913,Krakow
66140,f858656f-f7b9-44d0-ac74-1db63a09ce0d,Podgórze Duchackie,NotSafe,1.4585510929866947,Krakow
66141,f858656f-f7b9-44d0-ac74-1db63a09ce0d,Podgórze Duchackie,NotSafe,1.8489381834979206,Krakow
66169,f858656f-f7b9-44d0-ac74-1db63a09ce0d,Podgórze Duchackie,NotSafe,3.2664605286743305,Krakow
66169,f858656f-f7b9-44d0-ac74-1db63a09ce0d,Podgórze Duchackie,NotSafe,3.419518978185091,Krakow
66171,f858656f-f7b9-44d0-ac74-1db63a09ce0d,Podgórze Duchackie,NotSafe,2.49185563018016,Krakow
66172,395a8784-9ffb-4e70-b5bc-68b00ebfbadd,Prądnik Czerwony,RatherSafe,0.8292558352167498,Krakow
66227,14dca69b-1c6d-4f5d-9f8b-ff32eeebe4ba,Stare Miasto,NotSafe,0.603626568395792,Krakow
66311,cd8ad54b-8cda-49fc-a410-03b8dfb04d7c,Nowa Huta,NotSafe,8.58964150515017,Krakow
66444,72f201a5-2050-41f9-b637-57d09b8a36a1,Łagiewniki-Borek Fałęcki,RatherSafe,3.3426071558871766,Krakow
66470,f2837972-c3bb-42c7-a634-c9d44226b8d0,Wzgórza Krzesławickie,Safe,6.727478931753854,Krakow
66623,17ccb07f-225e-42f6-9d65-dc591c822aa8,Nowa Huta,NotSafe,1.3958284354910748,Krakow
66624,e22f0999-10dc-4594-96d0-d0c3ec6e85a7,Stare Miasto,NotSafe,1.8241489660474868,Krakow
66732,2fa8c4a4-a7d7-4b8b-983d-7ae16f717a6d,Czyżyny,RatherSafe,0.7378399489999974,Krakow
66759,89cbeea8-ea35-409b-8de2-0d0b07c27cef,Podgórze Duchackie,NotSafe,1.5608325415665592,Krakow
66871,1b2b443f-f3b1-4fce-8eef-8644aae53ffd,Stare Miasto,NotSafe,0.5271519453194837,Krakow
67390,53359643-0125-413f-bef0-162163df3099,Stare Miasto,NotSafe,3.2291688347451992,Krakow
67391,da8747d1-944d-46dd-bad1-d983c883f42f,Stare Miasto,NotSafe,1.8364538378147461,Krakow
67417,8cda6b30-b52c-470e-bc6d-e21cc3a86e98,Nowa Huta,NotSafe,0.2295651718197893,Krakow
67560,a6ed778a-9cf7-4181-b1e4-00826490aeb7,Zwierzyniec,RatherSafe,2.6404837796391685,Krakow
67614,431f7740-1e28-44d2-8a2d-e2996aca6e57,Bronowice,NotSafe,4.957828793888932,Krakow
67683,44cfba0f-25d7-48dd-8060-ebdb4543dc12,Wzgórza Krzesławickie,Safe,3.4546800696007107,Krakow
67820,82624065-cc13-42f2-81bf-a76fb4440bd4,Łagiewniki-Borek Fałęcki,RatherSafe,1.6023260302675344,Krakow
67897,12e1470a-a3f6-44d5-8f74-40e616db913b,Stare Miasto,NotSafe,1.0492396844649294,Krakow
67979,fc72fa84-ad82-45a8-892c-6741498e9e87,Nowa Huta,NotSafe,1.3253096497410657,Krakow
67980,fc72fa84-ad82-45a8-892c-6741498e9e87,Nowa Huta,NotSafe,1.384954853855242,Krakow
67981,fc72fa84-ad82-45a8-892c-6741498e9e87,Nowa Huta,NotSafe,1.3972035993512397,Krakow
67982,fc72fa84-ad82-45a8-892c-6741498e9e87,Nowa Huta,NotSafe,1.9257440505306636,Krakow
68009,e40dc3a2-bfbc-45ea-bba0-6c3a0fe9bc9b,Prądnik Biały,Safe,0.8377572085464745,Krakow
68293,36122dd7-d08b-4736-95df-e3bd6f5c4988,Łagiewniki-Borek Fałęcki,RatherSafe,2.380962568483027,Krakow
68359,c2015566-6c23-487c-a378-ed4994e87d3b,Nowa Huta,NotSafe,2.7724359274166215,Krakow
68386,09a7ed9b-592c-4322-bbd4-20cd817b5307,Grzegórzki,RatherSafe,2.318662955967029,Krakow
68471,d00aa57c-e73f-44f1-8356-205abeac5be5,Bieżanów-Prokocim,Safe,2.2747788080244953,Krakow
68846,a4a05d54-ce45-4177-9c79-79a3fcf52d86,Zwierzyniec,RatherSafe,4.724395509037353,Krakow
68977,b72fe13a-e176-4336-8a7d-ad6bc74e7b68,Bieńczyce,RatherSafe,2.8889036839645543,Krakow
69076,b035e1c1-4e41-4571-a57e-dd09a90f4f5e,Mistrzejowice,RatherSafe,2.354789334718795,Krakow
69106,44cfba0f-25d7-48dd-8060-ebdb4543dc12,Wzgórza Krzesławickie,Safe,3.408400372026993,Krakow
69107,03939618-53ea-4b8b-9795-aa76645b0211,Zwierzyniec,RatherSafe,3.1612282753407808,Krakow
69184,26871bf4-2805-4f23-97da-c44805d0ebaf,Grzegórzki,RatherSafe,1.8872561708965803,Krakow
69324,f2cf2021-5bb4-442f-9528-ee9bd3cfd47b,Nowa Huta,NotSafe,1.258179166828565,Krakow
69501,7138528a-a366-4fd7-981a-99363af685af,Nowa Huta,NotSafe,7.653695019428137,Krakow
69691,e6e01eb6-eb63-437f-8aad-63332f0c9a07,Nowa Huta,NotSafe,1.8437379646885068,Krakow
69692,6820cc8c-c2ad-4416-bf2f-c707e782e11c,Nowa Huta,NotSafe,4.78022019038053,Krakow
69718,bc5b4956-139c-4d65-b189-903e34690975,Nowa Huta,NotSafe,3.5901496762755905,Krakow
69823,3fdc4cf3-b084-4265-a62d-faee92479fe8,Bronowice,NotSafe,1.593379794900109,Krakow
70051,7762c6c2-0628-4902-a13a-3a3e76587dd6,Bieżanów-Prokocim,Safe,1.173004294990602,Krakow
70104,9902f696-0b16-4d6c-97c6-66370ca1cb72,Bronowice,NotSafe,1.6963736076133509,Krakow
70133,7a401b4c-a2e2-422b-a57f-d4b1a8e73e72,Dębniki,NotSafe,2.282297140345509,Krakow
70292,bc5b4956-139c-4d65-b189-903e34690975,Nowa Huta,NotSafe,3.3129750139295853,Krakow
70348,7d117d8a-0c8a-4324-8f6e-6751a6c9f223,Bieńczyce,RatherSafe,0.8923472491424158,Krakow
70483,bc5b4956-139c-4d65-b189-903e34690975,Nowa Huta,NotSafe,3.448962914975304,Krakow
70591,3a6d079e-2c24-418e-b87a-25920a4c4096,Zwierzyniec,RatherSafe,1.445729676322088,Krakow
70620,bc5b4956-139c-4d65-b189-903e34690975,Nowa Huta,NotSafe,3.3459790516796777,Krakow
70620,ee62fb45-ff22-49d3-954b-4017e8437af4,Swoszowice,Safe,2.604304132819606,Krakow
70647,f65f843d-bffa-4a03-adc2-0813aef23932,Mistrzejowice,RatherSafe,2.396909640651408,Krakow
70707,01b14ff7-def9-467f-a8f4-fcc46b11e45b,Bronowice,NotSafe,1.6505075202247952,Krakow
70773,226af5c8-2a9e-47e7-a7da-08a892dadf99,Dębniki,NotSafe,1.1287407151946223,Krakow
70861,0751a3fe-834b-49d7-ac89-49ec2085efda,Krowodrza,RatherSafe,2.45408874285598,Krakow
71123,f5d29b49-2fa7-482d-a74d-0385cda1921c,Nowa Huta,NotSafe,1.6273317849320363,Krakow
71125,f5d29b49-2fa7-482d-a74d-0385cda1921c,Nowa Huta,NotSafe,2.392289587951921,Krakow
71155,f5d29b49-2fa7-482d-a74d-0385cda1921c,Nowa Huta,NotSafe,2.3785270212067466,Krakow
71156,f5d29b49-2fa7-482d-a74d-0385cda1921c,Nowa Huta,NotSafe,1.8345245084715378,Krakow
71158,f5d29b49-2fa7-482d-a74d-0385cda1921c,Nowa Huta,NotSafe,2.2285736916290806,Krakow
71158,f5d29b49-2fa7-482d-a74d-0385cda1921c,Nowa Huta,NotSafe,2.21830610896199,Krakow
71159,48eb1c7d-a69a-4439-baf9-a68c78573152,Nowa Huta,NotSafe,3.7672912912501793,Krakow
71190,c0cfad59-4299-4ecc-ab7c-96b4ab498c70,Dębniki,NotSafe,4.084710335900532,Krakow
71439,3e845c44-a286-49bd-bf16-a814a9ec4521,Nowa Huta,NotSafe,3.59106250105778,Krakow
71440,52dcb753-c00b-46ea-b180-9468a7c7c966,Nowa Huta,NotSafe,0.9798723832634298,Krakow
71441,52dcb753-c00b-46ea-b180-9468a7c7c966,Nowa Huta,NotSafe,3.3533477573475063,Krakow
71472,52dcb753-c00b-46ea-b180-9468a7c7c966,Nowa Huta,NotSafe,2.9643342036980913,Krakow
71558,3a7082c5-4c05-4a4f-928c-faa01f1665b2,Dębniki,NotSafe,3.4919299403532693,Krakow
71560,3a7082c5-4c05-4a4f-928c-faa01f1665b2,Dębniki,NotSafe,3.104234490868621,Krakow
71561,f896f1e2-b00e-4701-8570-d77f15acda6d,Zwierzyniec,RatherSafe,0.8903817825276357,Krakow
71587,ef2ac5cf-1e73-44f6-a92f-9dd569e03bc5,Bronowice,NotSafe,3.111109628409554,Krakow
71587,3339841b-cfda-40be-86d9-ea639ab2e6f9,Bronowice,NotSafe,1.9465477930410309,Krakow
71588,7407b3b0-16f2-45d8-8bfa-cd1741cc1c5c,Mistrzejowice,RatherSafe,2.744287977558752,Krakow
71617,4293caf7-22c5-4e05-ba9e-9397982bc9e0,Zwierzyniec,RatherSafe,3.436703701975484,Krakow
71618,4293caf7-22c5-4e05-ba9e-9397982bc9e0,Zwierzyniec,RatherSafe,3.1657587622036125,Krakow
71618,4293caf7-22c5-4e05-ba9e-9397982bc9e0,Zwierzyniec,RatherSafe,3.3152338033227293,Krakow
71645,4293caf7-22c5-4e05-ba9e-9397982bc9e0,Zwierzyniec,RatherSafe,3.5856267238822084,Krakow
71704,c1ff3b06-a457-4fc7-b35e-360864ce282e,Dębniki,NotSafe,2.349462901035339,Krakow
71763,f6ab752f-4237-43a3-a001-bcd7de88f17b,Grzegórzki,RatherSafe,2.258305883864868,Krakow
71979,7d836ef7-eae3-499b-8913-3f557748d26d,Bronowice,NotSafe,3.264018735232675,Krakow
72005,c46f10cb-8cc5-48e9-8aed-ae66224ca10d,Czyżyny,RatherSafe,1.6684002454393494,Krakow
72059,7d836ef7-eae3-499b-8913-3f557748d26d,Bronowice,NotSafe,3.528047652592131,Krakow
72149,7d836ef7-eae3-499b-8913-3f557748d26d,Bronowice,NotSafe,1.5539852836276973,Krakow
72254,4c4527ca-573f-4d7b-a99b-233a91933a7e,Podgórze Duchackie,NotSafe,2.8051117005249493,Krakow
72439,a77d8697-92d2-48d9-98e7-22fd69f3c917,Mistrzejowice,RatherSafe,1.5153872564429627,Krakow
72515,3c1d5ac6-5017-4c0c-bd63-14f8ca57d6c5,Mistrzejowice,RatherSafe,1.9481076882854915,Krakow
72516,3c1d5ac6-5017-4c0c-bd63-14f8ca57d6c5,Mistrzejowice,RatherSafe,1.0095536422953995,Krakow
72626,9631e636-c8c4-4bb6-8ff5-5458c4915a6c,Nowa Huta,NotSafe,3.594433465409442,Krakow
72654,3c1d5ac6-5017-4c0c-bd63-14f8ca57d6c5,Mistrzejowice,RatherSafe,3.47230546915512,Krakow
72684,eedf5661-0828-42fb-b30d-b3086cd18c62,Czyżyny,RatherSafe,5.575026061661786,Krakow
72761,3c1d5ac6-5017-4c0c-bd63-14f8ca57d6c5,Mistrzejowice,RatherSafe,3.4036618371498846,Krakow
72867,3e845c44-a286-49bd-bf16-a814a9ec4521,Nowa Huta,NotSafe,3.550244688131603,Krakow
72945,281906e8-4f34-4e81-8348-fdc5b8e2685a,Podgórze Duchackie,NotSafe,1.7498196661016348,Krakow
72946,281906e8-4f34-4e81-8348-fdc5b8e2685a,Podgórze Duchackie,NotSafe,1.9938148568501837,Krakow
72977,ecf567b1-37ee-4095-8d0c-471cb81b0962,Łagiewniki-Borek Fałęcki,RatherSafe,3.565338778879303,Krakow
73053,7adef10f-9fa9-4986-b233-f69fc7fef7bd,Nowa Huta,NotSafe,5.898653668736457,Krakow
73080,ff9bf725-1ca7-451f-b5b1-b9f36ea766c0,Bronowice,NotSafe,1.7029748963322744,Krakow
73221,32bc286c-75f9-46f5-9b2b-81fe908078c1,Łagiewniki-Borek Fałęcki,RatherSafe,1.7944646159820137,Krakow
73411,cfbf9484-f100-40df-81f0-d6b02d529fb0,Podgórze Duchackie,NotSafe,4.358242621440732,Krakow
73438,6ab1a815-c258-4bfe-8393-afc5df4f95bd,Wzgórza Krzesławickie,Safe,3.4166458130516486,Krakow
73517,614ecf1f-173c-4687-8d27-2185f8600188,Dębniki,NotSafe,6.945923397416914,Krakow
73544,1dda6a21-7cfe-4549-af55-0998e5fa69dd,Bieńczyce,RatherSafe,1.7139483775128803,Krakow
73571,4d7b9ac8-363b-44de-bc28-0288ad8c2db4,Krowodrza,RatherSafe,0.7909195138560322,Krakow
73597,59d2afbc-5a4c-4715-aa96-cdad79ce4f40,Bronowice,NotSafe,2.1673546538992885,Krakow
73625,1bf6f242-d5a6-4971-a51b-2e3c1df8b4fe,Czyżyny,RatherSafe,1.9960779271455467,Krakow
73627,1bf6f242-d5a6-4971-a51b-2e3c1df8b4fe,Czyżyny,RatherSafe,1.4391655885147376,Krakow
73731,9c742122-3b34-4ff7-91aa-37d768f464d6,Dębniki,NotSafe,6.43916008269253,Krakow
73837,60e39990-073c-443f-98c8-ebea8353bde4,Podgórze Duchackie,NotSafe,4.711222868073842,Krakow
73865,38e5217f-3137-49b7-8dc9-d12e970d0def,Czyżyny,RatherSafe,1.3271317807001457,Krakow
73967,f9776453-3dea-4854-9bad-61dfb85da34b,Zwierzyniec,RatherSafe,3.73444409463763,Krakow
74109,ef44b8cf-5ae7-4631-b140-2b81a4ac5465,Nowa Huta,NotSafe,12.154564824491784,Krakow
74293,54646469-9774-4148-bf64-56f0bf8581b6,Wzgórza Krzesławickie,Safe,3.252246781197386,Krakow
74448,52dcb753-c00b-46ea-b180-9468a7c7c966,Nowa Huta,NotSafe,3.353500307820564,Krakow
74478,4bd77091-00a1-4376-8d1b-4ad9cbf595b2,Bronowice,NotSafe,6.961561816885571,Krakow
74758,ab9fa772-9647-4a9a-aa4f-f57295d370fb,Stare Miasto,NotSafe,1.5609391931109704,Krakow
74789,37fd33b1-c242-467b-825c-4bbf5fe09de3,Czyżyny,RatherSafe,0.9642564558682852,Krakow
74818,c3173595-ad2b-4b2f-9793-7594681316d6,Nowa Huta,NotSafe,8.484364265042359,Krakow
74869,1c365595-bd06-44c2-aee0-8a7c628e3eb3,Podgórze Duchackie,NotSafe,4.66461144697467,Krakow
74871,3989f88a-3482-4399-80f9-7221cea248b9,Bronowice,NotSafe,0.7414026882491714,Krakow
74896,c609ba86-943d-4730-a186-aafa7d6a8af8,Bieżanów-Prokocim,Safe,5.380013916102959,Krakow
74924,9dacd2be-bf28-4414-85f5-72ce323438ff,Bieńczyce,RatherSafe,2.286344048063646,Krakow
75167,7c7ef90a-4106-46ef-a128-bf8691c4e44d,Zwierzyniec,RatherSafe,3.127649966092873,Krakow
75194,ccc5db95-6f2a-48d1-9de7-7b3de8ea603a,Mistrzejowice,RatherSafe,1.7817549391537382,Krakow
75283,cba4b62c-cc25-4b53-a88f-bc417ad00468,Nowa Huta,NotSafe,2.2738852295964187,Krakow
75335,eb91fc55-aa75-4479-978b-babb552ff319,Bronowice,NotSafe,3.5705369660168955,Krakow
75415,83db4f24-60de-49d8-aff1-7c721a37c535,Dębniki,NotSafe,4.72960793110645,Krakow
75415,72e97afb-125a-4a7a-8d5d-421d7dcd6dc5,Bronowice,NotSafe,7.419885938843953,Krakow
75443,bd59f302-4ca6-4a50-9e69-6db41652c6e1,Prądnik Biały,Safe,5.989186128693647,Krakow
75474,49929913-59d1-40e7-ad4b-06050ce759f0,Zwierzyniec,RatherSafe,8.339196538866036,Krakow
75531,d2f48399-7b43-4493-b044-51039a1dd2e7,Stare Miasto,NotSafe,2.673546969888203,Krakow
75558,eb91fc55-aa75-4479-978b-babb552ff319,Bronowice,NotSafe,1.0769473269060852,Krakow
75634,64957d4e-f057-406b-8f3c-7d7f09eb707c,Mistrzejowice,RatherSafe,2.3674946562059276,Krakow
75635,64957d4e-f057-406b-8f3c-7d7f09eb707c,Mistrzejowice,RatherSafe,3.5467584969821964,Krakow
75636,64957d4e-f057-406b-8f3c-7d7f09eb707c,Mistrzejowice,RatherSafe,1.9921984386189568,Krakow
75668,55590f8d-c20f-49bd-a411-b91d276f7a9a,Krowodrza,RatherSafe,2.2374199751673216,Krakow
75750,b9666786-62c5-46d0-9ab2-ad19562fb75d,Podgórze Duchackie,NotSafe,1.8848286184314593,Krakow
75751,6e0d5a1f-5b1a-4690-99ff-902892245be1,Zwierzyniec,RatherSafe,3.548345485624971,Krakow
75752,6e0d5a1f-5b1a-4690-99ff-902892245be1,Zwierzyniec,RatherSafe,3.043553634786211,Krakow
75778,eefb4b2d-5870-412d-8fb6-a6ca08c9874e,Dębniki,NotSafe,4.380223063807028,Krakow
75883,79908435-246d-4a75-a276-fe3249f38698,Prądnik Czerwony,RatherSafe,1.9057151202162186,Krakow
75965,eb91fc55-aa75-4479-978b-babb552ff319,Bronowice,NotSafe,3.4863920274095364,Krakow
76025,eaadecfd-1763-413a-bb3e-3147ef0bac25,Podgórze Duchackie,NotSafe,4.609676292767234,Krakow
76053,8ac21109-87ba-4a01-bb97-3856dd6188b1,Nowa Huta,NotSafe,8.035962705269451,Krakow
76105,b9666786-62c5-46d0-9ab2-ad19562fb75d,Podgórze Duchackie,NotSafe,3.407981602565354,Krakow
76106,29cfe47c-977c-4cf9-bca0-e47b1efdadae,Prądnik Czerwony,RatherSafe,1.8859749960538106,Krakow
76159,b9666786-62c5-46d0-9ab2-ad19562fb75d,Podgórze Duchackie,NotSafe,1.7515479969446723,Krakow
76186,eb91fc55-aa75-4479-978b-babb552ff319,Bronowice,NotSafe,2.3929820392854446,Krakow
76187,eb91fc55-aa75-4479-978b-babb552ff319,Bronowice,NotSafe,2.3929820392854446,Krakow
76188,eb91fc55-aa75-4479-978b-babb552ff319,Bronowice,NotSafe,2.3929820392854446,Krakow
76189,eb91fc55-aa75-4479-978b-babb552ff319,Bronowice,NotSafe,2.3929820392854446,Krakow
76190,eb91fc55-aa75-4479-978b-babb552ff319,Bronowice,NotSafe,2.3929820392854446,Krakow
76219,b9666786-62c5-46d0-9ab2-ad19562fb75d,Podgórze Duchackie,NotSafe,3.4892556530729704,Krakow
76247,4c00230e-2230-46b9-9168-045a68968dc8,Stare Miasto,NotSafe,4.362669502384368,Krakow
76248,1f14d8b0-75ff-4d1b-b1fc-cf06cf18249e,Prądnik Czerwony,RatherSafe,6.936889641398848,Krakow
76304,80710c73-c772-4e7e-8718-4cb16785c1e5,Bronowice,NotSafe,7.347699976074962,Krakow
76412,331ded6a-8b87-4a3c-9b51-6374aa6feb98,Mistrzejowice,RatherSafe,2.356220443937352,Krakow
76468,18a0406e-6c0c-4cbe-9799-b6a4495e532b,Krowodrza,RatherSafe,7.544770240503797,Krakow
76622,fff15307-4ed0-4821-9cd2-b821b5580ea0,Podgórze Duchackie,NotSafe,8.056084803336589,Krakow
76705,eed893f3-d550-42a1-9c4a-f74950d0e5b4,Nowa Huta,NotSafe,3.404697920708842,Krakow
76758,564176bc-1dbb-4a42-b081-02345f300c24,Stare Miasto,NotSafe,0.8521327621867193,Krakow
76861,198f3e38-9fbe-47ea-9d4c-8e9c65f7ed84,Stare Miasto,NotSafe,2.2335139470438157,Krakow
76861,198f3e38-9fbe-47ea-9d4c-8e9c65f7ed84,Stare Miasto,NotSafe,2.291807078705376,Krakow
76862,198f3e38-9fbe-47ea-9d4c-8e9c65f7ed84,Stare Miasto,NotSafe,0.7072308100370851,Krakow
76890,f284e7df-4946-4fe5-9709-5475da515517,Swoszowice,Safe,9.40123437984,Krakow
77053,6b2897c2-124c-4584-a6a7-46c00205ebd0,Stare Miasto,NotSafe,2.4223026234826968,Krakow
77209,154ca510-6d90-420c-be3b-2b945d5ad5de,Prądnik Czerwony,RatherSafe,1.4628327802777938,Krakow
77242,9dadac06-c62b-44da-8bc1-eebe028e0605,Dębniki,NotSafe,2.0433644032549285,Krakow
77243,35ea4549-aec2-4c63-9050-c070a4cbcf9f,Bronowice,NotSafe,3.8916454681710135,Krakow
77756,f2019185-e028-4300-9768-f667cb5a25a5,Podgórze,Safe,1.5462932712254045,Krakow
77917,a63f8412-01ea-45fb-9de0-c0c381dfdb92,Bieńczyce,RatherSafe,3.0783506969769685,Krakow
78019,0b399beb-b20c-4bf2-86a6-0e6d9b04f7d4,Wzgórza Krzesławickie,Safe,3.3186019925606893,Krakow
78129,5f05f394-c6fc-44db-b389-23c42912f779,Bronowice,NotSafe,1.4674523743816252,Krakow
78130,5f05f394-c6fc-44db-b389-23c42912f779,Bronowice,NotSafe,2.1752665272345495,Krakow
78131,5f05f394-c6fc-44db-b389-23c42912f779,Bronowice,NotSafe,2.053835564583884,Krakow
78132,5f05f394-c6fc-44db-b389-23c42912f779,Bronowice,NotSafe,1.4560247934202974,Krakow
78133,5f05f394-c6fc-44db-b389-23c42912f779,Bronowice,NotSafe,1.3423486896427455,Krakow
78191,4b9f6d01-5be3-4f53-9674-dac1e983697a,Stare Miasto,NotSafe,2.2054266491616987,Krakow
78193,aa7601c2-c6d9-41ed-b3ce-141d32bdb4c5,Mistrzejowice,RatherSafe,3.113610089460142,Krakow
78218,df2f7f76-d7d6-44f5-8ac9-c91b07382bf0,Nowa Huta,NotSafe,3.584209764146509,Krakow
78513,e25baab7-2b9a-43ae-951a-e00a955faa59,Podgórze Duchackie,NotSafe,1.8819013132336233,Krakow
78622,e8522a00-457e-41a4-9d69-91a37b538f55,Podgórze Duchackie,NotSafe,1.1815313135878664,Krakow
78623,c37e0bc0-e688-4fdb-8566-f5935317c760,Dębniki,NotSafe,1.2672310638194797,Krakow
78624,c37e0bc0-e688-4fdb-8566-f5935317c760,Dębniki,NotSafe,2.0192637423085933,Krakow
78625,c37e0bc0-e688-4fdb-8566-f5935317c760,Dębniki,NotSafe,3.3900987595120964,Krakow
78626,c37e0bc0-e688-4fdb-8566-f5935317c760,Dębniki,NotSafe,3.0677255713939666,Krakow
78707,7e12da8e-2677-4b24-bbd8-b23f8708bbd2,Podgórze Duchackie,NotSafe,1.635573042166097,Krakow
78707,80f8b4cc-aa76-48c4-98e2-9fa1a6fb3cd3,Bieńczyce,RatherSafe,2.3351715020932797,Krakow
78867,dc4fc350-d043-4779-a09a-2955faa9f482,Wzgórza Krzesławickie,Safe,4.951763888414615,Krakow
78974,20f1fd2f-97d8-4937-8894-41ecdfce2d0b,Nowa Huta,NotSafe,13.023280260169603,Krakow
79206,c37e0bc0-e688-4fdb-8566-f5935317c760,Dębniki,NotSafe,3.531947589091426,Krakow
79576,d0b153ce-4e78-45f6-973f-cccbc74ad351,Bronowice,NotSafe,0.5061131162509793,Krakow
79834,df2f7f76-d7d6-44f5-8ac9-c91b07382bf0,Nowa Huta,NotSafe,3.5301928555303257,Krakow
79836,cbfb57bc-1b0c-49d6-8282-5352cd0b7b75,Dębniki,NotSafe,4.5398738708835555,Krakow
79837,005a0724-d821-44b7-b464-3b959d748d38,Dębniki,NotSafe,1.8697943772291186,Krakow
80119,da6b717e-7d06-4e3f-83c6-b0c4955e50c9,Bronowice,NotSafe,0.8647276774500194,Krakow
80147,875a869d-5541-49ac-8499-cae58fb0ac36,Grzegórzki,RatherSafe,0.32868742162648384,Krakow
80256,c45858c5-46bb-42f7-a2cc-29a744268646,Podgórze,Safe,1.023660275496549,Krakow
80286,9ec86f2b-94d8-4a5a-9647-49c1331b658b,Dębniki,NotSafe,4.060409809211969,Krakow
80342,6f28442f-105b-49d7-a981-24530a858209,Nowa Huta,NotSafe,1.820840111954756,Krakow
80820,3523e364-1984-416f-80a3-dc3f2f580914,Zwierzyniec,RatherSafe,2.3050352291183334,Krakow
80896,12ec5afe-6c5a-428d-ac6a-0eddafc248ef,Mistrzejowice,RatherSafe,2.2763219108572037,Krakow
81079,ff2ddbd8-f062-4e8e-a03e-533711987045,Mistrzejowice,RatherSafe,2.055354579798548,Krakow
81383,69556a3d-51fc-49d5-b49b-b4986bc8433a,Bieżanów-Prokocim,Safe,1.6700265128495195,Krakow
81436,5be34367-6d99-4fe9-a64b-28e41c39a9f5,Podgórze Duchackie,NotSafe,1.4954989273173769,Krakow
81579,27088302-030d-4e49-b2eb-85f75cd10473,Bieżanów-Prokocim,Safe,1.2982603833429465,Krakow
81711,7a43c31d-d61c-4689-ae0c-87c1b289dd1e,Dębniki,NotSafe,7.170891126830642,Krakow
81799,3a2bd8b2-e42a-41c7-b674-a272a928fa45,Bronowice,NotSafe,2.758655692993465,Krakow
81827,4bde528b-72c5-4dc2-ac85-b346410eb56a,Prądnik Biały,Safe,2.0877926844955663,Krakow
82041,44f3e1f7-cde4-4b87-b485-23470743d8ac,Grzegórzki,RatherSafe,1.1457561398581892,Krakow
82042,04d3ac17-95ea-40e2-8094-faec3a15dbd5,Mistrzejowice,RatherSafe,0.8036326890348728,Krakow
82121,3557fece-bd6c-4cf2-b659-d76ab7aa5a86,Zwierzyniec,RatherSafe,3.2773663667882125,Krakow
82583,7122d02f-b920-4aa0-8535-0b01df819428,Prądnik Biały,Safe,2.089723764349721,Krakow
82584,7122d02f-b920-4aa0-8535-0b01df819428,Prądnik Biały,Safe,1.7724071375879762,Krakow
82585,7122d02f-b920-4aa0-8535-0b01df819428,Prądnik Biały,Safe,2.0986598617227705,Krakow
82586,7122d02f-b920-4aa0-8535-0b01df819428,Prądnik Biały,Safe,2.0999924094647184,Krakow
82587,7122d02f-b920-4aa0-8535-0b01df819428,Prądnik Biały,Safe,2.0920835940450417,Krakow
82646,152fabcf-c6f5-4013-aae7-33556795f870,Bronowice,NotSafe,3.2416244976477864,Krakow
82674,c6251307-2016-41d0-a7c2-32655078b6ed,Nowa Huta,NotSafe,2.042508101654087,Krakow
82863,73668173-3748-43ef-b010-86bbc45d3387,Nowa Huta,NotSafe,0.6382759414036885,Krakow
83082,535f3a13-bdc0-4ddb-b194-e4a66fd3448f,Grzegórzki,RatherSafe,1.179756842366749,Krakow
83163,eed893f3-d550-42a1-9c4a-f74950d0e5b4,Nowa Huta,NotSafe,0.0,Krakow
83164,5c222c37-6b8c-4d46-95e3-82e62668d85e,Mistrzejowice,RatherSafe,0.4438498041896265,Krakow
83313,44579dea-85cb-4cf8-a686-22bf7f02db18,Bieńczyce,RatherSafe,0.6416460491619551,Krakow
83400,1c44abb7-8cca-4a4f-900d-44771138c86d,Podgórze Duchackie,NotSafe,2.0592394793963447,Krakow
83482,3ac2d96a-cfb3-4365-a499-b384a076efda,Mistrzejowice,RatherSafe,1.648868470537885,Krakow
83483,3ac2d96a-cfb3-4365-a499-b384a076efda,Mistrzejowice,RatherSafe,2.673549394746313,Krakow
83485,3ac2d96a-cfb3-4365-a499-b384a076efda,Mistrzejowice,RatherSafe,3.042687978129859,Krakow
83486,5fdc8089-0ad0-440c-a92c-daae3a0b1395,Prądnik Biały,Safe,1.6446188685952392,Krakow
83646,2ce8b0cb-7a68-4cfa-acf3-80341c77111f,Zwierzyniec,RatherSafe,3.5860985924280597,Krakow
83676,3ac2d96a-cfb3-4365-a499-b384a076efda,Mistrzejowice,RatherSafe,3.393559559820824,Krakow
83821,dba90c94-9d02-40f1-85bc-bbdb38ca466c,Prądnik Czerwony,RatherSafe,3.5898822900937244,Krakow
83851,476b57da-d7b6-48f6-bbeb-8cda0799f451,Dębniki,NotSafe,0.7696859494988151,Krakow
83933,e68e0ff8-964c-4d54-b8bf-f4186ec90656,Mistrzejowice,RatherSafe,5.279858272839746,Krakow
83959,476b57da-d7b6-48f6-bbeb-8cda0799f451,Dębniki,NotSafe,3.269126460329754,Krakow
83988,48d0f819-2b1c-4d00-a943-88fb80796d11,Zwierzyniec,RatherSafe,2.342329655344481,Krakow
84042,e691afaf-7ea7-451d-b93c-c1a1b98da2e3,Podgórze,Safe,2.0703326158089843,Krakow
84175,139fd34e-02eb-4c49-8278-764d0b6d872d,Grzegórzki,RatherSafe,0.9535649027663892,Krakow
84305,476b57da-d7b6-48f6-bbeb-8cda0799f451,Dębniki,NotSafe,3.330001796491824,Krakow
84306,b64be525-cc88-4294-b102-3c9b38875bda,Krowodrza,RatherSafe,1.1531232980707677,Krakow
84557,05df5c4a-30c8-4dd8-8909-ce977868023a,Prądnik Biały,Safe,2.049071403578492,Krakow
84558,05df5c4a-30c8-4dd8-8909-ce977868023a,Prądnik Biały,Safe,2.36842781426305,Krakow
84616,40b975a3-1f71-414b-8b32-9030e9989203,Podgórze,Safe,1.817933825645127,Krakow
84750,415b9662-798a-4664-8617-44edfc929ddb,Grzegórzki,RatherSafe,0.8426207563103766,Krakow
84781,0fc04493-c724-4635-b2f3-ccd0758fc3a0,Prądnik Biały,Safe,2.2758606127216887,Krakow
84811,e7e1f305-be4d-4e2f-aa07-c7b677bf5609,Krowodrza,RatherSafe,0.31820693541363826,Krakow
84812,e7e1f305-be4d-4e2f-aa07-c7b677bf5609,Krowodrza,RatherSafe,1.4646261408910006,Krakow
84813,e7e1f305-be4d-4e2f-aa07-c7b677bf5609,Krowodrza,RatherSafe,2.689659555667515,Krakow
84925,435c5fe0-10f1-4f8a-8f0b-28f7aef6e571,Bronowice,NotSafe,1.6944413505728744,Krakow
85215,66c2c8d0-462e-4849-8749-66192f184953,Podgórze Duchackie,NotSafe,1.7475724981413068,Krakow
85322,0389981d-0d87-490a-9777-72a1270c0755,Czyżyny,RatherSafe,0.7581087271949415,Krakow
85483,b1582add-5028-4914-a3f8-55f20e3cf551,Bronowice,NotSafe,1.3563495560030363,Krakow
85614,68e0865c-39a9-459b-9660-ce68e5ca8f77,Bieżanów-Prokocim,Safe,1.684171057228357,Krakow
85666,fdb1021e-8d06-4794-8979-a0c3286eabf9,Bronowice,NotSafe,0.7012012474997752,Krakow
85889,1d21a5b7-98aa-4af4-9008-a0a46aac4268,Bieżanów-Prokocim,Safe,3.047914476271854,Krakow
85971,476b57da-d7b6-48f6-bbeb-8cda0799f451,Dębniki,NotSafe,3.5172904789973853,Krakow
85972,af14a3dd-7761-4e3e-b9af-6192b0122f7b,Bronowice,NotSafe,0.6683554403618558,Krakow
85973,af14a3dd-7761-4e3e-b9af-6192b0122f7b,Bronowice,NotSafe,1.1702523319389844,Krakow
86269,909e3fff-4edb-414a-a9f7-a1940971e2d3,Podgórze Duchackie,NotSafe,1.4283228406626856,Krakow
86352,bad243a1-3541-429f-b700-27991e019f06,Bronowice,NotSafe,1.8891804322751309,Krakow
